ref,name,gender,date_of_birth,comorbidity,occupation,visit_count
PAT-000001,Mizanur Khan,male,1969-07-01,Essential hypertension,sales representative,1
PAT-000002,Ibrahim Karim,male,1980-08-14,none,pharmacist,4
PAT-000003,Sharmin Mahmud,female,1994-12-31,none,graphic designer,6
PAT-000004,Kamal Howlader,male,1962-03-08,none,shopkeeper,2
PAT-000005,Shafiq Talukder,male,1998-05-02,Hypothyroidism,CNG auto-rickshaw driver,2
PAT-000006,Morium Majumder,female,1990-10-21,Type 2 diabetes mellitus,delivery rider,5
PAT-000007,Rumana Islam,female,1946-09-07,none,tailor,2
PAT-000008,Rashed Mollah,male,1995-01-23,none,garment factory worker,1
PAT-000009,Lipi Sheikh,female,2002-01-26,Hypothyroidism,CNG auto-rickshaw driver,2
PAT-000010,Sajjad Haque,male,1996-01-21,Essential hypertension,office cleaner,2
PAT-000011,Mehedi Mollah,male,1963-05-14,none,shopkeeper,5
PAT-000012,Hasina Uddin,female,1958-10-08,Bronchial asthma,farmer,2
PAT-000013,Salma Mondal,female,1997-05-10,none,homemaker,6
PAT-000014,Dilruba Akter,female,1979-02-13,none,office cleaner,4
PAT-000015,Nusrat Sarkar,female,1948-04-29,none,farmer,2
PAT-000016,Parvin Awal,female,1967-02-24,Bronchial asthma,garment merchandiser,2
PAT-000017,Ayesha Mollah,female,1988-06-20,none,software developer,2
PAT-000018,Rupa Karim,female,2000-04-18,Hypothyroidism,lawyer,2
PAT-000019,Monir Rahman,male,2003-01-23,Bronchial asthma,restaurant cook,3
PAT-000020,Shahidul Bhuiyan,male,1967-03-20,none,fisherman,5
PAT-000021,Dilruba Rahman,female,2005-07-03,none,mobile phone repair technician,2
PAT-000022,Fatema Miah,female,1981-10-16,Bronchial asthma,bank officer,3
PAT-000023,Morium Ahmed,female,1967-03-13,none,hotel receptionist,4
PAT-000024,Harun Siddique,male,1997-12-05,none,journalist,4
PAT-000025,Sharmin Faruque,female,1998-03-12,Bronchial asthma,accountant,2
PAT-000026,Taslima Haque,female,1958-10-03,none,shopkeeper,3
PAT-000027,Imtiaz Majumder,male,1949-01-02,none,retired civil servant,2
PAT-000028,Anwar Howlader,male,1976-01-23,none,hotel receptionist,3
PAT-000029,Jamal Chowdhury,male,1962-11-17,none,nurse,5
PAT-000030,Aminul Majumder,male,2002-05-21,Type 2 diabetes mellitus,hotel receptionist,2
PAT-000031,Harun Khan,male,1961-10-16,Type 2 diabetes mellitus,tailor,4
PAT-000032,Mousumi Kundu,female,1953-12-28,none,madrasa teacher,2
PAT-000033,Kulsum Islam,female,1981-05-07,none,textile engineer,3
PAT-000034,Selim Hasan,male,1985-04-28,none,software developer,1
PAT-000035,Hossain Miah,male,1981-05-28,none,restaurant cook,4
PAT-000036,Anika Kabir,female,1957-07-28,Type 2 diabetes mellitus,madrasa teacher,2
PAT-000037,Babul Uddin,male,1960-06-08,Essential hypertension,tailor,1
PAT-000038,Rupali Saha,female,1969-12-06,Type 2 diabetes mellitus,police constable,2
PAT-000039,Rokeya Bhuiyan,female,1988-03-22,none,construction worker,2
PAT-000040,Babul Mondal,male,1977-08-19,Bronchial asthma,nurse,5
PAT-000041,Jamal Mondal,male,1953-03-01,Hypothyroidism,homemaker,3
PAT-000042,Sultana Majumder,female,1990-02-04,none,call centre agent,3
PAT-000043,Rabeya Uddin,female,1986-12-09,none,textile engineer,4
PAT-000044,Rupa Haque,female,1945-07-17,Essential hypertension,shopkeeper,2
PAT-000045,Sumaiya Mondal,female,1985-03-26,Hypothyroidism,rickshaw puller,5
PAT-000046,Dilruba Bhuiyan,female,2006-03-15,none,garment factory worker,2
PAT-000047,Anwar Uddin,male,1973-09-06,Hypothyroidism,nurse,2
PAT-000048,Shafiq Majumder,male,1958-08-04,none,tailor,3
PAT-000049,Arif Kabir,male,1981-08-29,Essential hypertension,construction worker,4
PAT-000050,Rubel Sheikh,male,1983-07-24,none,beautician,2
PAT-000051,Karim Howlader,male,1966-05-23,none,textile engineer,2
PAT-000052,Jahid Miah,male,1985-05-17,none,call centre agent,4
PAT-000053,Golam Kabir,male,1999-12-06,none,sales representative,2
PAT-000054,Shahana Khatun,female,1954-03-16,none,retired civil servant,1
PAT-000055,Taslima Howlader,female,2004-07-15,Bronchial asthma,construction worker,2
PAT-000056,Nazmul Uddin,male,1963-09-24,none,bank officer,2
PAT-000057,Sumitra Mitra,female,1993-08-27,none,graphic designer,7
PAT-000058,Shikha Paul,female,2005-06-01,Essential hypertension,beautician,2
PAT-000059,Afsana Bhuiyan,female,1958-07-11,Type 2 diabetes mellitus,homemaker,3
PAT-000060,Mehedi Rahman,male,1958-11-11,Bronchial asthma,homemaker,4
PAT-000061,Tania Karim,female,1948-01-20,none,tailor,2
PAT-000062,Golam Mondal,male,1998-09-19,none,accountant,1
PAT-000063,Jesmin Karim,female,1983-11-09,none,electrician,1
PAT-000064,Bilkis Faruque,female,1961-07-03,Essential hypertension,retired civil servant,3
PAT-000065,Karim Uddin,male,1945-01-31,none,retired civil servant,2
PAT-000066,Mita Kundu,female,1987-01-24,Bronchial asthma,fisherman,5
PAT-000067,Shirin Sarkar,female,1983-10-09,Essential hypertension,nurse,1
PAT-000068,Babul Mollah,male,1946-07-13,none,farmer,2
PAT-000069,Shafiq Kabir,male,1998-10-15,none,electrician,2
PAT-000070,Fahim Miah,male,1976-09-12,none,rickshaw puller,4
PAT-000071,Jannat Khatun,female,1979-11-01,none,fisherman,1
PAT-000072,Mizanur Talukder,male,1973-03-07,none,beautician,3
PAT-000073,Anika Mollah,female,1967-02-26,none,hotel receptionist,3
PAT-000074,Afsana Islam,female,1974-09-02,none,bus driver,4
PAT-000075,Harun Ahmed,male,1957-01-03,Essential hypertension,retired civil servant,5
PAT-000076,Jannat Khan,female,1959-10-22,none,madrasa teacher,4
PAT-000077,Sumaiya Patwary,female,1977-04-07,none,photographer,5
PAT-000078,Lipi Sultana,female,1990-01-28,none,photographer,5
PAT-000079,Mamun Alam,male,1961-08-29,Type 2 diabetes mellitus,farmer,1
PAT-000080,Mamun Hasan,male,1961-08-15,Essential hypertension,shopkeeper,4
PAT-000081,Hasan Howlader,male,1979-02-24,none,lawyer,6
PAT-000082,Kakoli Das,female,1945-01-11,none,madrasa teacher,4
PAT-000083,Fahim Haque,male,2002-08-02,none,bank officer,4
PAT-000084,Rabeya Hossain,female,1966-07-01,none,police constable,4
PAT-000085,Sabbir Patwary,male,1970-01-20,none,sales representative,3
PAT-000086,Arif Mollah,male,1961-01-17,Type 2 diabetes mellitus,tailor,5
PAT-000087,Harun Mollah,male,1958-05-31,Hypothyroidism,tailor,2
PAT-000088,Lamia Siddique,female,1946-12-17,none,farmer,4
PAT-000089,Anjali Dey,female,1996-06-21,none,CNG auto-rickshaw driver,2
PAT-000090,Rashed Sheikh,male,2000-04-21,none,garment factory worker,3
PAT-000091,Ibrahim Chowdhury,male,1960-01-11,Essential hypertension,homemaker,1
PAT-000092,Kamal Chowdhury,male,1976-07-17,Bronchial asthma,cricket coach,4
PAT-000093,Lipi Mollah,female,1992-07-20,none,graphic designer,2
PAT-000094,Rafiq Uddin,male,1983-11-16,none,office cleaner,2
PAT-000095,Farhan Kabir,male,1996-03-23,none,mobile phone repair technician,3
PAT-000096,Rokeya Kabir,female,1968-08-17,none,nurse,2
PAT-000097,Lamia Ahmed,female,1986-05-11,Type 2 diabetes mellitus,security guard,2
PAT-000098,Shapla Patwary,female,1947-08-27,none,farmer,3
PAT-000099,Babul Majumder,male,1978-08-07,none,beautician,3
PAT-000100,Sadia Patwary,female,1994-09-22,Type 2 diabetes mellitus,farmer,4
PAT-000101,Karim Mondal,male,1980-08-13,Hypothyroidism,shopkeeper,2
PAT-000102,Shafiq Uddin,male,1949-03-08,Essential hypertension,tailor,3
PAT-000103,Jamal Miah,male,1992-11-08,none,police constable,2
PAT-000104,Ibrahim Uddin,male,1960-11-06,none,tailor,3
PAT-000105,Kulsum Patwary,female,1958-07-11,none,shopkeeper,3
PAT-000106,Nusrat Sheikh,female,1963-01-12,none,journalist,3
PAT-000107,Rupa Sheikh,female,1958-11-06,none,madrasa teacher,4
PAT-000108,Nayeem Hossain,male,1990-04-05,none,bus driver,4
PAT-000109,Lipi Khatun,female,2000-12-03,none,security guard,4
PAT-000110,Selim Sarkar,male,1950-06-01,Essential hypertension,retired civil servant,4
PAT-000111,Lipi Alam,female,1982-08-24,none,journalist,2
PAT-000112,Rupa Khan,female,1988-04-10,none,textile engineer,4
PAT-000113,Uttam Ghosh,male,2000-03-14,none,nurse,3
PAT-000114,Rakib Haque,male,1995-11-11,Hypothyroidism,bank officer,2
PAT-000115,Kamal Haque,male,1967-02-12,Hypothyroidism,mobile phone repair technician,2
PAT-000116,Rahima Islam,female,2000-03-12,Bronchial asthma,farmer,2
PAT-000117,Rehana Mondal,female,1997-11-14,none,sales representative,4
PAT-000118,Rubel Howlader,male,2006-07-20,none,homemaker,3
PAT-000119,Golam Mahmud,male,1965-01-31,none,madrasa teacher,2
PAT-000120,Dilruba Uddin,female,1988-01-22,none,software developer,2
PAT-000121,Abdul Talukder,male,1973-03-11,Type 2 diabetes mellitus,textile engineer,5
PAT-000122,Lipi Majumder,female,1998-05-03,Bronchial asthma,garment factory worker,4
PAT-000123,Aminul Siddique,male,2002-04-07,none,bus driver,3
PAT-000124,Tania Chowdhury,female,1987-02-27,none,ride-share driver,4
PAT-000125,Nazmul Bhuiyan,male,1984-04-01,none,madrasa teacher,3
PAT-000126,Shafiq Awal,male,1970-03-21,none,delivery rider,2
PAT-000127,Shahana Chowdhury,female,1992-08-03,none,beautician,4
PAT-000128,Sabina Kabir,female,1974-04-21,none,police constable,3
PAT-000129,Abdul Faruque,male,1985-05-06,Hypothyroidism,homemaker,5
PAT-000130,Sajjad Chowdhury,male,1954-09-18,none,retired civil servant,1
PAT-000131,Mamun Miah,male,1947-07-21,Hypothyroidism,farmer,3
PAT-000132,Rafiq Miah,male,1962-06-16,none,farmer,5
PAT-000133,Gopal Mitra,male,1952-09-12,Bronchial asthma,farmer,2
PAT-000134,Rubel Patwary,male,1962-06-24,Essential hypertension,farmer,3
PAT-000135,Yusuf Mollah,male,1990-11-23,none,bank officer,1
PAT-000136,Shyamal Datta,male,1973-06-21,none,office cleaner,2
PAT-000137,Ayesha Sheikh,female,1994-03-26,Bronchial asthma,bank officer,6
PAT-000138,Sajjad Kabir,male,2001-01-08,Type 2 diabetes mellitus,homemaker,4
PAT-000139,Farhan Sheikh,male,1990-06-12,none,cricket coach,4
PAT-000140,Karim Sarkar,male,1987-09-15,Type 2 diabetes mellitus,office cleaner,7
PAT-000141,Abdul Miah,male,1997-04-05,none,ride-share driver,2
PAT-000142,Farida Karim,female,1970-04-11,none,ride-share driver,5
PAT-000143,Bilkis Siddique,female,1974-12-12,none,ride-share driver,1
PAT-000144,Yusuf Faruque,male,1990-08-22,Bronchial asthma,office cleaner,2
PAT-000145,Mehedi Hasan,male,2006-07-11,none,homemaker,2
PAT-000146,Morium Alam,female,1963-08-10,Bronchial asthma,farmer,2
PAT-000147,Nayeem Howlader,male,1971-05-23,Bronchial asthma,schoolteacher,2
PAT-000148,Sadia Sultana,female,2001-07-17,Bronchial asthma,beautician,3
PAT-000149,Jamal Khan,male,1980-10-31,none,bank officer,3
PAT-000150,Rafiq Mondal,male,1972-12-11,Hypothyroidism,shopkeeper,2
PAT-000151,Mizanur Chowdhury,male,1967-09-13,none,madrasa teacher,1
PAT-000152,Sajjad Howlader,male,1954-05-01,Hypothyroidism,tailor,2
PAT-000153,Monir Islam,male,1963-03-21,Hypothyroidism,office cleaner,3
PAT-000154,Shapla Siddique,female,1978-12-01,Essential hypertension,construction worker,4
PAT-000155,Golam Khan,male,1971-06-08,Hypothyroidism,sales representative,7
PAT-000156,Priya Dey,female,2001-10-24,none,police constable,2
PAT-000157,Rokeya Majumder,female,1980-10-30,none,software developer,1
PAT-000158,Amit Paul,male,1990-07-28,Bronchial asthma,photographer,3
PAT-000159,Rumana Bhuiyan,female,1961-06-02,none,shopkeeper,3
PAT-000160,Monir Faruque,male,2005-05-24,Bronchial asthma,bus driver,2
PAT-000161,Nargis Kabir,female,1968-02-01,Essential hypertension,bus driver,4
PAT-000162,Farida Hasan,female,1974-04-20,none,photographer,2
PAT-000163,Parvin Khan,female,1989-07-11,Type 2 diabetes mellitus,delivery rider,4
PAT-000164,Nayeem Talukder,male,1990-03-14,none,sales representative,3
PAT-000165,Rahim Hossain,male,1959-11-24,none,farmer,4
PAT-000166,Nirmal Bose,male,1953-09-03,none,madrasa teacher,4
PAT-000167,Sumaiya Sultana,female,1958-02-20,none,shopkeeper,2
PAT-000168,Hossain Patwary,male,1954-11-20,none,shopkeeper,3
PAT-000169,Dilruba Islam,female,1966-01-30,Hypothyroidism,schoolteacher,4
PAT-000170,Rehana Uddin,female,1983-01-02,none,sales representative,2
PAT-000171,Nargis Begum,female,1945-01-26,Type 2 diabetes mellitus,homemaker,2
PAT-000172,Shahidul Sheikh,male,1991-06-25,none,ride-share driver,3
PAT-000173,Rokeya Miah,female,2002-06-14,none,electrician,1
PAT-000174,Nayeem Hasan,male,2000-12-18,Hypothyroidism,shopkeeper,1
PAT-000175,Ayesha Sultana,female,2002-03-22,Bronchial asthma,nurse,5
PAT-000176,Rashed Rahman,male,1965-03-18,none,schoolteacher,2
PAT-000177,Subrata Ghosh,male,1986-02-22,Essential hypertension,architect,5
PAT-000178,Mizanur Sheikh,male,1964-01-02,Essential hypertension,fisherman,3
PAT-000179,Rabeya Haque,female,1960-05-28,Hypothyroidism,madrasa teacher,2
PAT-000180,Imtiaz Islam,male,1967-04-17,none,CNG auto-rickshaw driver,2
PAT-000181,Amit Sarkar,male,1945-08-21,none,madrasa teacher,0
PAT-000182,Parvin Rahman,female,1989-08-25,Hypothyroidism,cricket coach,6
PAT-000183,Sohel Siddique,male,1965-03-29,none,office cleaner,1
PAT-000184,Kamal Kabir,male,2003-07-29,Bronchial asthma,garment factory worker,2
PAT-000185,Nadia Miah,female,1947-05-22,none,homemaker,2
PAT-000186,Jesmin Miah,female,1961-05-08,Essential hypertension,retired civil servant,3
PAT-000187,Sohel Patwary,male,1995-02-13,none,textile engineer,2
PAT-000188,Rabeya Chowdhury,female,1990-01-02,none,ride-share driver,2
PAT-000189,Aminul Rahman,male,2001-11-04,none,garment factory worker,3
PAT-000190,Fahim Ahmed,male,1952-10-24,Hypothyroidism,retired civil servant,2
PAT-000191,Fatema Mollah,female,1960-05-01,none,shopkeeper,4
PAT-000192,Sumaiya Haque,female,1985-07-13,none,hotel receptionist,3
PAT-000193,Sadia Karim,female,2005-04-03,Type 2 diabetes mellitus,bank officer,5
PAT-000194,Yusuf Bhuiyan,male,2003-02-08,Bronchial asthma,construction worker,5
PAT-000195,Golam Rahman,male,1945-06-21,Type 2 diabetes mellitus,retired civil servant,4
PAT-000196,Hossain Awal,male,1959-08-06,none,farmer,3
PAT-000197,Parvin Hasan,female,2001-12-06,Type 2 diabetes mellitus,security guard,6
PAT-000198,Nasima Patwary,female,1957-12-09,Type 2 diabetes mellitus,homemaker,4
PAT-000199,Jannat Mondal,female,1982-11-25,none,construction worker,4
PAT-000200,Dilruba Haque,female,1950-02-11,none,madrasa teacher,2
PAT-000201,Rumana Khan,female,1989-12-16,Type 2 diabetes mellitus,NGO field officer,4
PAT-000202,Babul Haque,male,1992-09-03,none,beautician,2
PAT-000203,Rashed Uddin,male,1954-01-21,Essential hypertension,shopkeeper,3
PAT-000204,Mitu Patwary,female,1982-04-17,none,garment merchandiser,3
PAT-000205,Fatema Patwary,female,1960-03-16,none,tailor,2
PAT-000206,Dipak Biswas,male,1969-04-15,none,bus driver,2
PAT-000207,Rupa Sarkar,female,1984-02-20,none,madrasa teacher,2
PAT-000208,Bilkis Bhuiyan,female,1996-12-25,Hypothyroidism,homemaker,1
PAT-000209,Shirin Mondal,female,1959-06-04,none,homemaker,3
PAT-000210,Babul Patwary,male,1960-12-16,Hypothyroidism,shopkeeper,4
PAT-000211,Kakoli Ghosh,female,1984-07-10,Bronchial asthma,nurse,3
PAT-000212,Rokeya Islam,female,1952-06-18,Bronchial asthma,homemaker,4
PAT-000213,Lamia Majumder,female,1998-04-09,none,police constable,2
PAT-000214,Nazmul Sarkar,male,2005-07-23,Bronchial asthma,police constable,1
PAT-000215,Masud Miah,male,1985-08-06,none,fisherman,4
PAT-000216,Sohel Chowdhury,male,1985-07-25,none,pharmacist,1
PAT-000217,Mamun Kabir,male,1961-10-02,none,tailor,4
PAT-000218,Ibrahim Talukder,male,1965-01-12,none,shopkeeper,4
PAT-000219,Tania Uddin,female,1987-09-25,none,schoolteacher,2
PAT-000220,Sohel Mahmud,male,1999-09-30,none,NGO field officer,2
PAT-000221,Mitu Siddique,female,1994-08-03,Hypothyroidism,fisherman,4
PAT-000222,Ratan Dey,male,1991-01-31,none,call centre agent,1
PAT-000223,Kakoli Dey,female,2000-01-21,none,hotel receptionist,6
PAT-000224,Amit Roy,male,1953-10-17,none,farmer,2
PAT-000225,Sanjay Mitra,male,1985-03-09,none,bank officer,3
PAT-000226,Golam Hasan,male,1949-12-16,none,madrasa teacher,3
PAT-000227,Monir Mahmud,male,1997-02-01,none,fisherman,3
PAT-000228,Fatema Islam,female,2002-07-09,Type 2 diabetes mellitus,CNG auto-rickshaw driver,1
PAT-000229,Harun Alam,male,1959-07-05,Bronchial asthma,farmer,4
PAT-000230,Lipi Patwary,female,2004-04-11,Hypothyroidism,university student,4
PAT-000231,Mitu Mondal,female,1993-11-03,none,office cleaner,2
PAT-000232,Rumana Sarkar,female,1963-02-28,Type 2 diabetes mellitus,tailor,5
PAT-000233,Tapan Mitra,male,1997-05-14,Hypothyroidism,bus driver,5
PAT-000234,Rehana Sheikh,female,1952-05-15,Essential hypertension,farmer,4
PAT-000235,Rafiq Sheikh,male,1997-06-09,Essential hypertension,office cleaner,3
PAT-000236,Shahidul Kabir,male,1987-07-07,none,photographer,4
PAT-000237,Nayeem Alam,male,1965-03-14,Bronchial asthma,construction worker,1
PAT-000238,Rokeya Alam,female,1949-02-18,Type 2 diabetes mellitus,madrasa teacher,4
PAT-000239,Hasina Majumder,female,1947-10-11,none,homemaker,3
PAT-000240,Lamia Begum,female,1991-12-06,none,shopkeeper,2
PAT-000241,Rupali Paul,female,1999-03-31,none,nurse,5
PAT-000242,Nadia Patwary,female,2006-08-06,Type 2 diabetes mellitus,delivery rider,2
PAT-000243,Fatema Ahmed,female,1956-12-19,none,retired civil servant,4
PAT-000244,Sultana Akter,female,1966-11-02,none,tailor,2
PAT-000245,Parvin Siddique,female,1975-05-14,none,architect,4
PAT-000246,Samira Talukder,female,1945-11-13,Essential hypertension,retired civil servant,3
PAT-000247,Laxmi Ghosh,female,2004-07-11,none,architect,3
PAT-000248,Sultana Bhuiyan,female,1947-09-27,none,retired civil servant,4
PAT-000249,Kakoli Bose,female,1977-10-20,Type 2 diabetes mellitus,farmer,2
PAT-000250,Shakil Mondal,male,1987-08-15,Bronchial asthma,office cleaner,2
PAT-000251,Shirin Awal,female,1981-01-06,none,bus driver,2
PAT-000252,Hossain Sheikh,male,1954-03-24,none,farmer,5
PAT-000253,Lamia Khatun,female,1973-08-13,none,CNG auto-rickshaw driver,4
PAT-000254,Mitu Haque,female,1967-11-14,Essential hypertension,madrasa teacher,4
PAT-000255,Nadia Mondal,female,1999-07-27,none,farmer,2
PAT-000256,Tanvir Mahmud,male,1978-08-23,none,rickshaw puller,3
PAT-000257,Aminul Khan,male,1970-08-15,Hypothyroidism,ride-share driver,3
PAT-000258,Mizanur Miah,male,1966-04-09,Hypothyroidism,bus driver,4
PAT-000259,Sohel Rahman,male,1964-12-06,none,fisherman,4
PAT-000260,Tariq Kabir,male,1984-08-03,Essential hypertension,bus driver,3
PAT-000261,Mizanur Siddique,male,1995-02-26,Type 2 diabetes mellitus,call centre agent,2
PAT-000262,Aminul Talukder,male,1964-03-04,none,nurse,2
PAT-000263,Taslima Bhuiyan,female,1973-08-05,none,madrasa teacher,4
PAT-000264,Rakib Mondal,male,1973-10-29,none,bus driver,7
PAT-000265,Ayesha Uddin,female,1964-06-13,none,accountant,3
PAT-000266,Afsana Sheikh,female,1949-06-13,none,retired civil servant,2
PAT-000267,Rabeya Mahmud,female,1998-06-01,none,construction worker,6
PAT-000268,Parvin Akter,female,1947-04-19,none,tailor,4
PAT-000269,Rumana Khatun,female,1948-05-09,Essential hypertension,madrasa teacher,7
PAT-000270,Shapla Sheikh,female,2004-06-11,none,university student,2
PAT-000271,Imtiaz Hossain,male,2002-09-05,Hypothyroidism,textile engineer,2
PAT-000272,Mita Bose,female,1976-06-28,Type 2 diabetes mellitus,architect,1
PAT-000273,Tania Sultana,female,1947-05-04,none,retired civil servant,4
PAT-000274,Nayeem Chowdhury,male,2004-06-29,Bronchial asthma,textile engineer,5
PAT-000275,Kamal Majumder,male,1978-02-16,none,ride-share driver,1
PAT-000276,Ayesha Awal,female,1975-09-22,Essential hypertension,architect,7
PAT-000277,Rafiq Khan,male,1952-02-14,none,homemaker,3
PAT-000278,Sharmin Begum,female,1975-02-27,Type 2 diabetes mellitus,farmer,3
PAT-000279,Sadia Khatun,female,2002-09-11,none,software developer,2
PAT-000280,Rabeya Kabir,female,1947-06-28,Type 2 diabetes mellitus,madrasa teacher,3
PAT-000281,Lipi Ahmed,female,1971-02-08,Type 2 diabetes mellitus,schoolteacher,4
PAT-000282,Sabina Sarkar,female,1979-11-26,Type 2 diabetes mellitus,software developer,5
PAT-000283,Mahiya Karim,female,1987-04-27,none,journalist,2
PAT-000284,Rumana Karim,female,1979-07-01,Hypothyroidism,garment merchandiser,5
PAT-000285,Tania Mondal,female,1987-02-22,Hypothyroidism,office cleaner,3
PAT-000286,Masud Faruque,male,1985-01-12,none,software developer,4
PAT-000287,Shahana Awal,female,1957-10-17,Hypothyroidism,madrasa teacher,2
PAT-000288,Rabeya Bhuiyan,female,1962-09-04,none,madrasa teacher,3
PAT-000289,Gopal Ghosh,male,1967-10-27,Bronchial asthma,shopkeeper,4
PAT-000290,Kakoli Mitra,female,1982-10-05,none,garment factory worker,4
PAT-000291,Farida Majumder,female,1978-04-23,Type 2 diabetes mellitus,software developer,4
PAT-000292,Anwar Islam,male,1973-02-05,Hypothyroidism,lawyer,4
PAT-000293,Ashraf Howlader,male,1963-06-03,none,NGO field officer,2
PAT-000294,Farhan Hossain,male,1997-05-06,none,textile engineer,2
PAT-000295,Salma Hossain,female,2000-06-24,Hypothyroidism,farmer,3
PAT-000296,Ashraf Majumder,male,1988-05-19,none,police constable,3
PAT-000297,Rina Biswas,female,1976-04-18,Type 2 diabetes mellitus,journalist,4
PAT-000298,Sadia Siddique,female,1965-11-17,none,electrician,5
PAT-000299,Shafiq Howlader,male,1968-11-14,none,homemaker,4
PAT-000300,Sohel Sheikh,male,2004-06-08,Essential hypertension,madrasa teacher,2
PAT-000301,Rafiq Awal,male,1976-07-23,none,sales representative,2
PAT-000302,Karim Islam,male,1984-04-27,none,NGO field officer,2
PAT-000303,Nayeem Sarkar,male,1968-08-22,none,restaurant cook,2
PAT-000304,Rakib Uddin,male,1971-03-04,Hypothyroidism,office cleaner,1
PAT-000305,Fahim Mollah,male,1983-03-06,Hypothyroidism,lawyer,6
PAT-000306,Nargis Hasan,female,1975-05-06,none,sales representative,3
PAT-000307,Shafiq Hossain,male,1957-03-10,Essential hypertension,homemaker,4
PAT-000308,Parvin Chowdhury,female,2003-12-09,Bronchial asthma,police constable,3
PAT-000309,Sajjad Islam,male,1959-12-07,none,farmer,1
PAT-000310,Jannat Bhuiyan,female,1973-03-09,Essential hypertension,accountant,5
PAT-000311,Farida Khan,female,1958-07-25,none,shopkeeper,2
PAT-000312,Babul Khan,male,1950-06-30,Type 2 diabetes mellitus,madrasa teacher,2
PAT-000313,Harun Hossain,male,1978-11-21,none,sales representative,5
PAT-000314,Nirmal Paul,male,1972-12-11,none,office cleaner,3
PAT-000315,Abdul Mondal,male,1958-08-13,Hypothyroidism,madrasa teacher,3
PAT-000316,Shapla Majumder,female,1968-03-07,none,electrician,2
PAT-000317,Jamal Mollah,male,1984-06-19,none,textile engineer,4
PAT-000318,Karim Patwary,male,1953-08-29,none,tailor,4
PAT-000319,Sanjay Sarkar,male,1947-11-21,none,shopkeeper,4
PAT-000320,Lipi Bhuiyan,female,1998-06-01,Bronchial asthma,journalist,2
PAT-000321,Rashed Miah,male,1966-01-07,none,madrasa teacher,2
PAT-000322,Rupa Hossain,female,2001-03-18,none,garment merchandiser,5
PAT-000323,Taslima Miah,female,1969-06-11,none,electrician,2
PAT-000324,Sharmin Mondal,female,1965-06-24,none,bus driver,2
PAT-000325,Jannat Mahmud,female,1947-08-05,none,farmer,4
PAT-000326,Masud Sarkar,male,1994-11-27,Type 2 diabetes mellitus,cricket coach,2
PAT-000327,Nayeem Faruque,male,1962-08-04,Type 2 diabetes mellitus,tailor,4
PAT-000328,Mehedi Khan,male,1989-11-21,none,office cleaner,6
PAT-000329,Nasima Sultana,female,1968-09-30,Type 2 diabetes mellitus,software developer,2
PAT-000330,Rehana Islam,female,2000-04-09,none,rickshaw puller,3
PAT-000331,Kamal Mahmud,male,1985-02-11,none,restaurant cook,2
PAT-000332,Nusrat Howlader,female,1955-04-17,none,homemaker,4
PAT-000333,Fatema Siddique,female,1954-01-10,Bronchial asthma,tailor,4
PAT-000334,Dilruba Mondal,female,1985-02-26,Bronchial asthma,call centre agent,2
PAT-000335,Shirin Mahmud,female,1984-01-25,Bronchial asthma,accountant,5
PAT-000336,Shirin Majumder,female,2006-01-08,none,shopkeeper,2
PAT-000337,Babul Chowdhury,male,1950-12-02,none,shopkeeper,3
PAT-000338,Parvin Sarkar,female,1962-06-17,Essential hypertension,madrasa teacher,4
PAT-000339,Rahim Siddique,male,1962-07-23,none,farmer,1
PAT-000340,Jesmin Talukder,female,1951-07-21,Essential hypertension,homemaker,3
PAT-000341,Sumaiya Sheikh,female,2006-08-31,none,garment factory worker,2
PAT-000342,Shahidul Ahmed,male,1964-09-11,none,journalist,4
PAT-000343,Sumaiya Akter,female,1972-06-21,none,hotel receptionist,2
PAT-000344,Hasina Rahman,female,1969-05-23,Type 2 diabetes mellitus,software developer,2
PAT-000345,Kulsum Sarkar,female,1982-04-24,Bronchial asthma,homemaker,3
PAT-000346,Tahsin Siddique,female,1956-01-18,none,tailor,2
PAT-000347,Amit Kundu,male,1969-01-11,none,photographer,4
PAT-000348,Mizanur Ahmed,male,1954-07-24,Type 2 diabetes mellitus,shopkeeper,2
PAT-000349,Morium Faruque,female,1962-03-12,none,retired civil servant,2
PAT-000350,Babul Faruque,male,1960-03-19,none,madrasa teacher,4
PAT-000351,Nasima Islam,female,1984-12-06,none,office cleaner,2
PAT-000352,Hasina Haque,female,1950-08-01,Essential hypertension,madrasa teacher,2
PAT-000353,Sultana Talukder,female,1954-05-10,none,farmer,4
PAT-000354,Abdul Chowdhury,male,1996-03-24,Hypothyroidism,fisherman,5
PAT-000355,Sajjad Mollah,male,1976-08-07,none,bus driver,3
PAT-000356,Imtiaz Karim,male,1981-05-07,none,mobile phone repair technician,2
PAT-000357,Ibrahim Hasan,male,1952-01-19,none,retired civil servant,3
PAT-000358,Golam Siddique,male,2000-11-16,none,lawyer,1
PAT-000359,Jahid Alam,male,1982-06-28,Essential hypertension,call centre agent,2
PAT-000360,Hasina Awal,female,1952-09-24,Bronchial asthma,tailor,4
PAT-000361,Masud Awal,male,1989-03-27,Hypothyroidism,software developer,2
PAT-000362,Monir Mondal,male,1998-04-11,Essential hypertension,software developer,2
PAT-000363,Tanvir Mollah,male,1978-09-02,none,office cleaner,4
PAT-000364,Jesmin Mollah,female,1988-11-14,none,sales representative,4
PAT-000365,Harun Hasan,male,2006-02-25,none,shopkeeper,3
PAT-000366,Mousumi Mitra,female,1948-09-15,none,homemaker,3
PAT-000367,Rubel Chowdhury,male,1954-07-03,none,madrasa teacher,2
PAT-000368,Sabbir Khan,male,1981-05-03,none,sales representative,4
PAT-000369,Nazmul Patwary,male,1961-07-29,none,madrasa teacher,3
PAT-000370,Ayesha Karim,female,1969-08-24,none,electrician,2
PAT-000371,Rabeya Miah,female,2000-01-05,Bronchial asthma,textile engineer,2
PAT-000372,Shahana Mollah,female,1987-08-25,none,police constable,5
PAT-000373,Hasan Faruque,male,1957-12-04,Bronchial asthma,retired civil servant,2
PAT-000374,Shirin Sheikh,female,1988-08-26,none,lawyer,4
PAT-000375,Tania Haque,female,1992-10-16,none,security guard,5
PAT-000376,Golam Miah,male,2002-10-22,none,garment factory worker,4
PAT-000377,Shafiq Patwary,male,1969-08-21,Hypothyroidism,journalist,2
PAT-000378,Arif Haque,male,1996-10-07,none,rickshaw puller,4
PAT-000379,Nargis Haque,female,1976-02-02,none,beautician,1
PAT-000380,Yusuf Majumder,male,1979-06-21,Type 2 diabetes mellitus,software developer,2
PAT-000381,Ashraf Islam,male,1997-09-27,none,architect,5
PAT-000382,Rehana Miah,female,1991-08-04,none,construction worker,3
PAT-000383,Rupali Dey,female,1970-02-24,none,accountant,1
PAT-000384,Abdul Sheikh,male,2004-08-20,none,software developer,2
PAT-000385,Nusrat Alam,female,1986-06-03,none,garment merchandiser,3
PAT-000386,Rupa Akter,female,2000-08-30,none,pharmacist,3
PAT-000387,Farida Alam,female,1948-01-28,none,shopkeeper,2
PAT-000388,Mahiya Howlader,female,1985-07-03,none,graphic designer,3
PAT-000389,Sumaiya Khan,female,1967-01-12,none,construction worker,4
PAT-000390,Kamal Rahman,male,1973-08-19,none,textile engineer,2
PAT-000391,Fatema Khatun,female,1945-02-12,Essential hypertension,tailor,2
PAT-000392,Mitu Faruque,female,1987-01-25,none,mobile phone repair technician,3
PAT-000393,Selim Sheikh,male,1964-06-29,Bronchial asthma,restaurant cook,2
PAT-000394,Jahid Mahmud,male,2002-12-24,none,police constable,3
PAT-000395,Nirmal Dey,male,1980-03-16,Bronchial asthma,sales representative,2
PAT-000396,Gopal Paul,male,1950-08-11,Essential hypertension,tailor,3
PAT-000397,Sabina Howlader,female,1949-10-17,none,retired civil servant,1
PAT-000398,Farida Awal,female,1998-05-31,none,police constable,3
PAT-000399,Rina Mitra,female,2000-11-26,none,lawyer,2
PAT-000400,Sabbir Awal,male,1986-12-25,Type 2 diabetes mellitus,garment merchandiser,1
PAT-000401,Nayeem Awal,male,1971-01-22,Essential hypertension,photographer,4
PAT-000402,Salma Kabir,female,1959-04-11,Essential hypertension,homemaker,4
PAT-000403,Kulsum Howlader,female,1973-12-11,none,hotel receptionist,3
PAT-000404,Lipi Khan,female,1996-01-06,Bronchial asthma,photographer,3
PAT-000405,Puja Kundu,female,1945-01-11,none,tailor,0
PAT-000406,Sharmin Alam,female,1952-07-02,Type 2 diabetes mellitus,shopkeeper,1
PAT-000407,Salma Siddique,female,1985-06-23,none,beautician,2
PAT-000408,Farida Sheikh,female,1947-12-19,none,homemaker,2
PAT-000409,Abdul Kabir,male,1956-07-19,none,farmer,2
PAT-000410,Shyamal Sarkar,male,1964-04-18,none,photographer,3
PAT-000411,Golam Uddin,male,1972-03-29,none,call centre agent,2
PAT-000412,Kulsum Mahmud,female,1992-02-14,none,mobile phone repair technician,1
PAT-000413,Mita Sarkar,female,1952-06-24,Essential hypertension,farmer,3
PAT-000414,Sultana Khatun,female,1946-12-19,none,retired civil servant,4
PAT-000415,Rashed Khan,male,1979-12-13,Hypothyroidism,nurse,5
PAT-000416,Shahana Begum,female,1989-05-31,none,fisherman,4
PAT-000417,Shahidul Majumder,male,1949-08-30,Hypothyroidism,madrasa teacher,3
PAT-000418,Rehana Karim,female,1963-01-24,none,CNG auto-rickshaw driver,3
PAT-000419,Sultana Mondal,female,1975-07-04,Bronchial asthma,architect,5
PAT-000420,Babul Mahmud,male,1952-03-20,Hypothyroidism,shopkeeper,3
PAT-000421,Taslima Awal,female,1969-09-11,Hypothyroidism,pharmacist,1
PAT-000422,Babul Hasan,male,1978-08-08,none,delivery rider,2
PAT-000423,Sultana Hasan,female,1997-11-22,none,construction worker,3
PAT-000424,Farhan Majumder,male,1990-11-01,none,delivery rider,2
PAT-000425,Afsana Howlader,female,1965-12-17,none,garment merchandiser,3
PAT-000426,Sadia Akter,female,2002-10-08,none,construction worker,3
PAT-000427,Babul Ahmed,male,1998-01-31,none,tailor,4
PAT-000428,Rafiq Kabir,male,1974-12-13,none,fisherman,4
PAT-000429,Nayeem Mollah,male,1976-04-05,none,security guard,4
PAT-000430,Pradip Saha,male,1949-01-30,Bronchial asthma,shopkeeper,4
PAT-000431,Farida Miah,female,1992-05-01,Bronchial asthma,construction worker,3
PAT-000432,Anjali Datta,female,2004-10-23,none,textile engineer,3
PAT-000433,Rahim Islam,male,1977-05-09,Hypothyroidism,photographer,2
PAT-000434,Amit Bose,male,1994-08-25,Type 2 diabetes mellitus,sales representative,2
PAT-000435,Rashed Kabir,male,1959-01-10,Type 2 diabetes mellitus,shopkeeper,4
PAT-000436,Lipi Faruque,female,1951-10-11,none,retired civil servant,1
PAT-000437,Sabbir Kabir,male,1990-01-14,Bronchial asthma,ride-share driver,3
PAT-000438,Nargis Alam,female,1978-01-12,Bronchial asthma,tailor,4
PAT-000439,Shahana Mahmud,female,1960-01-21,none,homemaker,6
PAT-000440,Tahsin Patwary,female,1949-01-08,none,homemaker,4
PAT-000441,Jamal Hossain,male,1959-05-03,Hypothyroidism,farmer,2
PAT-000442,Mamun Islam,male,1964-09-15,none,bus driver,3
PAT-000443,Aminul Sheikh,male,1990-12-16,Type 2 diabetes mellitus,accountant,5
PAT-000444,Tanvir Khan,male,2001-09-16,none,sales representative,3
PAT-000445,Tariq Hasan,male,1970-06-23,none,graphic designer,3
PAT-000446,Kulsum Hossain,female,2004-12-12,none,electrician,4
PAT-000447,Sumaiya Hasan,female,1981-03-28,none,garment merchandiser,6
PAT-000448,Anika Alam,female,1955-01-15,none,madrasa teacher,4
PAT-000449,Fahim Khan,male,1950-03-28,Hypothyroidism,retired civil servant,2
PAT-000450,Sabina Siddique,female,1983-03-28,Essential hypertension,shopkeeper,3
PAT-000451,Yusuf Sarkar,male,1956-04-26,none,madrasa teacher,1
PAT-000452,Puja Bose,female,1975-02-26,none,garment merchandiser,2
PAT-000453,Rupa Howlader,female,1968-04-17,none,nurse,4
PAT-000454,Jesmin Howlader,female,1949-08-30,Essential hypertension,retired civil servant,2
PAT-000455,Kulsum Hasan,female,2001-11-15,Type 2 diabetes mellitus,madrasa teacher,2
PAT-000456,Imtiaz Mondal,male,2005-07-31,Bronchial asthma,hotel receptionist,4
PAT-000457,Nasima Ahmed,female,1957-09-13,none,madrasa teacher,3
PAT-000458,Kulsum Majumder,female,1950-06-01,Type 2 diabetes mellitus,madrasa teacher,4
PAT-000459,Rubel Kabir,male,1956-11-22,none,madrasa teacher,4
PAT-000460,Arif Islam,male,1948-09-06,none,retired civil servant,3
PAT-000461,Shakil Haque,male,1954-03-14,Hypothyroidism,retired civil servant,2
PAT-000462,Masud Khan,male,2003-02-22,none,farmer,3
PAT-000463,Rashed Majumder,male,1997-05-19,none,schoolteacher,3
PAT-000464,Samira Rahman,female,1948-01-03,none,farmer,3
PAT-000465,Dipak Roy,male,1994-05-19,Type 2 diabetes mellitus,garment merchandiser,5
PAT-000466,Shahidul Miah,male,1945-02-06,Hypothyroidism,madrasa teacher,4
PAT-000467,Morium Sheikh,female,1946-08-25,Essential hypertension,homemaker,4
PAT-000468,Anwar Ahmed,male,1984-07-18,none,bank officer,2
PAT-000469,Aminul Miah,male,1959-06-11,none,homemaker,2
PAT-000470,Jamal Siddique,male,2005-05-20,none,homemaker,2
PAT-000471,Rokeya Karim,female,1978-07-01,none,electrician,2
PAT-000472,Taslima Mondal,female,1969-06-20,Bronchial asthma,tailor,4
PAT-000473,Mamun Faruque,male,1957-04-24,Type 2 diabetes mellitus,tailor,4
PAT-000474,Sabina Uddin,female,1987-09-05,Essential hypertension,garment merchandiser,4
PAT-000475,Farhan Bhuiyan,male,1965-10-23,none,farmer,2
PAT-000476,Ashraf Haque,male,1950-05-14,none,retired civil servant,3
PAT-000477,Nadia Sultana,female,1957-02-09,Bronchial asthma,madrasa teacher,4
PAT-000478,Ashraf Mollah,male,1989-04-12,Essential hypertension,construction worker,5
PAT-000479,Aminul Howlader,male,1970-01-11,none,garment merchandiser,4
PAT-000480,Bikash Mitra,male,1995-03-06,none,construction worker,2
PAT-000481,Sultana Mahmud,female,1979-06-16,none,accountant,3
PAT-000482,Shahidul Mahmud,male,2002-01-12,none,beautician,2
PAT-000483,Sabbir Mollah,male,2001-03-05,none,garment factory worker,4
PAT-000484,Abdul Ahmed,male,1969-05-31,none,journalist,2
PAT-000485,Farida Mondal,female,1969-04-09,none,fisherman,3
PAT-000486,Nirmal Saha,male,1977-12-11,none,restaurant cook,3
PAT-000487,Rupali Biswas,female,1972-01-10,Hypothyroidism,cricket coach,3
PAT-000488,Salma Rahman,female,1980-07-30,none,police constable,4
PAT-000489,Rubel Miah,male,1988-09-01,Hypothyroidism,office cleaner,6
PAT-000490,Golam Hossain,male,1970-06-13,Bronchial asthma,garment factory worker,5
PAT-000491,Selim Majumder,male,1959-10-15,Essential hypertension,homemaker,3
PAT-000492,Mizanur Mollah,male,1972-07-01,Bronchial asthma,sales representative,3
PAT-000493,Tahsin Awal,female,2004-12-02,Type 2 diabetes mellitus,restaurant cook,5
PAT-000494,Rokeya Sarkar,female,1975-05-13,none,homemaker,5
PAT-000495,Shakil Hasan,male,1951-11-10,none,tailor,4
PAT-000496,Rafiq Bhuiyan,male,2005-05-10,none,shopkeeper,3
PAT-000497,Amit Saha,male,1960-03-20,none,shopkeeper,2
PAT-000498,Yusuf Alam,male,1993-05-11,Bronchial asthma,rickshaw puller,2
PAT-000499,Rashed Faruque,male,1967-02-25,none,lawyer,2
PAT-000500,Sohel Alam,male,1997-07-25,none,call centre agent,3
PAT-000501,Jesmin Siddique,female,1985-10-26,none,farmer,4
PAT-000502,Salma Patwary,female,2001-05-07,none,pharmacist,2
PAT-000503,Nazmul Kabir,male,1978-06-26,Bronchial asthma,lawyer,3
PAT-000504,Hossain Mondal,male,1959-03-22,none,retired civil servant,4
PAT-000505,Nasima Talukder,female,1960-03-13,none,homemaker,4
PAT-000506,Hasan Mollah,male,1946-07-01,none,retired civil servant,3
PAT-000507,Sharmin Talukder,female,1975-12-08,none,software developer,3
PAT-000508,Fahim Awal,male,1947-08-26,none,farmer,1
PAT-000509,Jahid Siddique,male,1975-03-31,Essential hypertension,madrasa teacher,2
PAT-000510,Rahim Talukder,male,1951-08-09,Type 2 diabetes mellitus,retired civil servant,3
PAT-000511,Farida Mahmud,female,1951-11-16,Type 2 diabetes mellitus,madrasa teacher,4
PAT-000512,Sabina Khan,female,1975-04-14,none,bus driver,3
PAT-000513,Morium Hasan,female,1958-01-22,Essential hypertension,farmer,2
PAT-000514,Rahim Khan,male,1971-01-24,Type 2 diabetes mellitus,homemaker,1
PAT-000515,Selim Miah,male,1987-07-01,Essential hypertension,garment merchandiser,5
PAT-000516,Mehedi Islam,male,1951-03-10,Hypothyroidism,farmer,3
PAT-000517,Yusuf Awal,male,1992-07-22,none,construction worker,5
PAT-000518,Masud Islam,male,1951-08-23,Hypothyroidism,homemaker,4
PAT-000519,Shirin Siddique,female,1949-11-19,none,tailor,3
PAT-000520,Tanvir Islam,male,1953-09-25,Type 2 diabetes mellitus,retired civil servant,4
PAT-000521,Tariq Miah,male,1967-01-08,Essential hypertension,NGO field officer,4
PAT-000522,Tapan Kundu,male,2001-02-10,none,hotel receptionist,2
PAT-000523,Mizanur Faruque,male,1952-10-16,none,farmer,4
PAT-000524,Karim Faruque,male,2000-10-18,Essential hypertension,textile engineer,2
PAT-000525,Mousumi Sarkar,female,1981-01-06,none,madrasa teacher,3
PAT-000526,Nayeem Bhuiyan,male,1985-03-25,Hypothyroidism,textile engineer,2
PAT-000527,Tanvir Siddique,male,1952-04-18,none,tailor,4
PAT-000528,Nargis Talukder,female,1980-05-12,Type 2 diabetes mellitus,delivery rider,3
PAT-000529,Mizanur Awal,male,1946-08-06,Bronchial asthma,shopkeeper,2
PAT-000530,Uttam Das,male,1985-02-10,none,accountant,1
PAT-000531,Rashed Karim,male,1969-10-23,none,ride-share driver,4
PAT-000532,Rakib Bhuiyan,male,1975-05-15,none,schoolteacher,3
PAT-000533,Jesmin Uddin,female,2001-04-12,none,garment merchandiser,1
PAT-000534,Nazmul Talukder,male,1966-12-16,none,madrasa teacher,2
PAT-000535,Lamia Hasan,female,1954-05-11,none,farmer,2
PAT-000536,Nargis Siddique,female,1989-06-13,none,construction worker,2
PAT-000537,Afsana Siddique,female,1996-07-01,none,police constable,3
PAT-000538,Fatema Uddin,female,1974-02-10,Type 2 diabetes mellitus,tailor,3
PAT-000539,Mahiya Patwary,female,1981-12-03,none,hotel receptionist,1
PAT-000540,Mahiya Mollah,female,1948-08-20,none,tailor,1
PAT-000541,Farhan Karim,male,1956-04-20,none,madrasa teacher,2
PAT-000542,Tanvir Uddin,male,1961-02-15,Hypothyroidism,farmer,1
PAT-000543,Nargis Uddin,female,1948-09-21,none,homemaker,4
PAT-000544,Rashed Patwary,male,1995-12-21,none,fisherman,3
PAT-000545,Yusuf Patwary,male,1994-12-14,Type 2 diabetes mellitus,police constable,4
PAT-000546,Nasima Mollah,female,1981-11-17,none,security guard,2
PAT-000547,Hasina Patwary,female,1971-05-06,none,shopkeeper,2
PAT-000548,Shahidul Howlader,male,1998-02-20,Essential hypertension,electrician,4
PAT-000549,Anika Mahmud,female,1959-03-05,Hypothyroidism,farmer,2
PAT-000550,Sabina Majumder,female,1967-12-26,Hypothyroidism,textile engineer,4
PAT-000551,Mehedi Mondal,male,1952-11-03,none,shopkeeper,5
PAT-000552,Shafiq Alam,male,1975-12-13,none,garment factory worker,2
PAT-000553,Nirmal Mitra,male,1998-03-17,none,farmer,2
PAT-000554,Yusuf Siddique,male,1992-12-20,Type 2 diabetes mellitus,rickshaw puller,2
PAT-000555,Mizanur Alam,male,1952-01-03,Hypothyroidism,farmer,5
PAT-000556,Shapla Talukder,female,1977-03-13,Type 2 diabetes mellitus,accountant,2
PAT-000557,Anwar Bhuiyan,male,1979-11-16,Essential hypertension,security guard,2
PAT-000558,Arif Majumder,male,1964-05-05,none,madrasa teacher,3
PAT-000559,Rumana Patwary,female,2005-02-25,Type 2 diabetes mellitus,office cleaner,2
PAT-000560,Tanvir Sarkar,male,1988-04-04,none,farmer,2
PAT-000561,Fahim Sheikh,male,1982-03-24,Hypothyroidism,ride-share driver,4
PAT-000562,Hossain Howlader,male,1961-02-28,Type 2 diabetes mellitus,tailor,2
PAT-000563,Shikha Kundu,female,1984-09-28,none,bank officer,2
PAT-000564,Sultana Uddin,female,1963-10-02,Essential hypertension,beautician,2
PAT-000565,Rubel Bhuiyan,male,1975-08-22,none,accountant,3
PAT-000566,Monir Hossain,male,1998-05-20,Hypothyroidism,call centre agent,4
PAT-000567,Anika Patwary,female,1965-03-06,none,hotel receptionist,5
PAT-000568,Rumana Kabir,female,1974-12-20,none,software developer,2
PAT-000569,Sumaiya Majumder,female,1984-03-31,Hypothyroidism,beautician,2
PAT-000570,Farhan Alam,male,1980-11-02,Hypothyroidism,beautician,2
PAT-000571,Rahim Rahman,male,2006-01-17,Hypothyroidism,garment factory worker,2
PAT-000572,Subrata Datta,male,2001-02-20,none,ride-share driver,2
PAT-000573,Ashraf Mahmud,male,1959-03-05,none,farmer,4
PAT-000574,Jahid Ahmed,male,1999-07-09,none,mobile phone repair technician,3
PAT-000575,Sumitra Biswas,female,1956-09-26,Essential hypertension,shopkeeper,4
PAT-000576,Ibrahim Mahmud,male,1965-04-08,none,architect,1
PAT-000577,Subrata Roy,male,1999-05-26,none,garment factory worker,3
PAT-000578,Lipi Haque,female,1977-03-17,none,madrasa teacher,2
PAT-000579,Puja Dey,female,1969-08-17,Hypothyroidism,accountant,4
PAT-000580,Fatema Bhuiyan,female,1992-04-14,Essential hypertension,call centre agent,4
PAT-000581,Hasan Hasan,male,2005-08-31,none,software developer,3
PAT-000582,Jannat Hossain,female,1970-07-06,Type 2 diabetes mellitus,fisherman,7
PAT-000583,Samira Hossain,female,1966-12-31,none,garment factory worker,2
PAT-000584,Morium Howlader,female,1996-08-13,none,software developer,5
PAT-000585,Sadia Miah,female,1968-08-30,Essential hypertension,CNG auto-rickshaw driver,5
PAT-000586,Aminul Faruque,male,1989-11-09,Bronchial asthma,electrician,4
PAT-000587,Rahim Sarkar,male,1979-08-06,none,police constable,2
PAT-000588,Mizanur Majumder,male,1976-02-18,Essential hypertension,office cleaner,5
PAT-000589,Tariq Awal,male,1983-06-17,Hypothyroidism,call centre agent,2
PAT-000590,Nadia Chowdhury,female,1968-07-15,none,electrician,4
PAT-000591,Jesmin Khan,female,1949-09-28,Bronchial asthma,shopkeeper,2
PAT-000592,Salma Mollah,female,1950-09-08,Bronchial asthma,homemaker,1
PAT-000593,Shikha Roy,female,1990-01-09,none,restaurant cook,1
PAT-000594,Hasan Chowdhury,male,2002-10-03,none,lawyer,3
PAT-000595,Farida Uddin,female,2000-06-15,none,schoolteacher,2
PAT-000596,Morium Mondal,female,1992-01-20,none,journalist,3
PAT-000597,Rahima Bhuiyan,female,1958-11-03,none,tailor,2
PAT-000598,Mizanur Hossain,male,1960-12-02,none,tailor,4
PAT-000599,Taslima Islam,female,1946-03-15,none,homemaker,4
PAT-000600,Anjali Das,female,2004-05-11,none,police constable,5
PAT-000601,Babul Awal,male,1987-10-07,none,textile engineer,2
PAT-000602,Samira Alam,female,1957-05-29,none,tailor,6
PAT-000603,Sultana Patwary,female,1969-02-01,none,call centre agent,4
PAT-000604,Lamia Miah,female,1949-03-04,Bronchial asthma,tailor,5
PAT-000605,Ayesha Hossain,female,1966-08-03,Type 2 diabetes mellitus,textile engineer,3
PAT-000606,Rokeya Hasan,female,1967-02-05,Hypothyroidism,architect,4
PAT-000607,Arif Alam,male,1952-10-12,none,farmer,3
PAT-000608,Rahim Sheikh,male,1957-08-26,Type 2 diabetes mellitus,farmer,2
PAT-000609,Rashed Mondal,male,1982-07-20,none,lawyer,2
PAT-000610,Arif Sarkar,male,1994-12-15,Hypothyroidism,restaurant cook,2
PAT-000611,Afsana Ahmed,female,1961-12-06,none,madrasa teacher,1
PAT-000612,Rehana Talukder,female,1982-04-05,none,hotel receptionist,4
PAT-000613,Jamal Patwary,male,1973-10-13,none,software developer,3
PAT-000614,Rubel Faruque,male,1998-08-15,Type 2 diabetes mellitus,mobile phone repair technician,4
PAT-000615,Shapla Mollah,female,1973-08-11,Bronchial asthma,shopkeeper,4
PAT-000616,Jannat Siddique,female,1959-03-30,none,farmer,4
PAT-000617,Jahid Rahman,male,1959-04-01,none,shopkeeper,3
PAT-000618,Shahidul Mollah,male,1955-08-15,Type 2 diabetes mellitus,retired civil servant,4
PAT-000619,Shahidul Patwary,male,1947-09-13,Hypothyroidism,retired civil servant,2
PAT-000620,Ibrahim Mondal,male,1947-08-23,Type 2 diabetes mellitus,farmer,2
PAT-000621,Shikha Bose,female,1957-04-26,none,shopkeeper,4
PAT-000622,Rehana Patwary,female,1995-05-01,none,police constable,3
PAT-000623,Selim Karim,male,1993-01-16,none,tailor,2
PAT-000624,Jamal Ahmed,male,1963-06-14,none,hotel receptionist,5
PAT-000625,Yusuf Haque,male,1969-04-03,Essential hypertension,software developer,2
PAT-000626,Sharmin Sultana,female,1967-01-29,Essential hypertension,architect,6
PAT-000627,Sadia Uddin,female,1976-07-18,Type 2 diabetes mellitus,accountant,4
PAT-000628,Golam Alam,male,1950-04-02,none,homemaker,4
PAT-000629,Nadia Rahman,female,1954-11-15,none,retired civil servant,3
PAT-000630,Rabeya Akter,female,1979-12-03,Bronchial asthma,security guard,2
PAT-000631,Sohel Bhuiyan,male,1947-10-18,Hypothyroidism,shopkeeper,2
PAT-000632,Shapla Rahman,female,1982-01-20,Type 2 diabetes mellitus,rickshaw puller,4
PAT-000633,Shahidul Awal,male,2000-11-08,none,nurse,2
PAT-000634,Samira Ahmed,female,1983-01-29,none,graphic designer,5
PAT-000635,Sabbir Sarkar,male,1985-07-09,Type 2 diabetes mellitus,rickshaw puller,2
PAT-000636,Kulsum Mondal,female,1965-11-29,none,accountant,1
PAT-000637,Bilkis Alam,female,1994-12-05,none,schoolteacher,4
PAT-000638,Sultana Haque,female,2005-06-06,none,shopkeeper,5
PAT-000639,Jahid Awal,male,1961-06-13,Hypothyroidism,retired civil servant,5
PAT-000640,Harun Haque,male,1954-12-11,none,retired civil servant,2
PAT-000641,Anwar Miah,male,1960-02-04,none,farmer,1
PAT-000642,Selim Bhuiyan,male,1954-04-16,Bronchial asthma,shopkeeper,2
PAT-000643,Kamal Siddique,male,1948-12-27,Hypothyroidism,homemaker,4
PAT-000644,Farida Siddique,female,1999-02-22,Essential hypertension,CNG auto-rickshaw driver,3
PAT-000645,Fahim Uddin,male,2005-02-20,Type 2 diabetes mellitus,rickshaw puller,2
PAT-000646,Karim Alam,male,1971-09-12,none,construction worker,3
PAT-000647,Lipi Islam,female,2001-09-24,none,bank officer,3
PAT-000648,Nazmul Mondal,male,1982-02-04,none,bank officer,2
PAT-000649,Rakib Ahmed,male,1982-02-03,Hypothyroidism,delivery rider,5
PAT-000650,Shahana Miah,female,1982-05-28,Hypothyroidism,madrasa teacher,2
PAT-000651,Nusrat Ahmed,female,1966-10-26,none,architect,2
PAT-000652,Aminul Hossain,male,2006-08-14,Bronchial asthma,homemaker,3
PAT-000653,Rafiq Karim,male,1964-02-17,Essential hypertension,homemaker,3
PAT-000654,Ratan Biswas,male,1953-08-20,none,homemaker,1
PAT-000655,Ibrahim Majumder,male,1985-08-20,Type 2 diabetes mellitus,graphic designer,4
PAT-000656,Rumana Mondal,female,1974-02-18,none,CNG auto-rickshaw driver,4
PAT-000657,Harun Islam,male,1991-05-23,Type 2 diabetes mellitus,rickshaw puller,2
PAT-000658,Mitu Sarkar,female,1946-05-24,none,retired civil servant,4
PAT-000659,Arif Ahmed,male,1963-10-21,none,shopkeeper,3
PAT-000660,Bikash Roy,male,1992-02-26,Type 2 diabetes mellitus,mobile phone repair technician,2
PAT-000661,Hasan Patwary,male,2001-02-10,none,journalist,1
PAT-000662,Afsana Khan,female,1955-05-28,none,shopkeeper,3
PAT-000663,Sharmin Howlader,female,2005-06-09,none,bus driver,4
PAT-000664,Pradip Sarkar,male,1965-01-21,none,office cleaner,5
PAT-000665,Hossain Uddin,male,2002-04-02,Type 2 diabetes mellitus,madrasa teacher,3
PAT-000666,Farhan Awal,male,1950-03-19,none,farmer,3
PAT-000667,Imtiaz Bhuiyan,male,2000-08-26,Bronchial asthma,electrician,4
PAT-000668,Sumaiya Uddin,female,1970-08-27,none,graphic designer,3
PAT-000669,Rahim Faruque,male,1963-04-17,none,NGO field officer,2
PAT-000670,Yusuf Chowdhury,male,1977-08-07,none,schoolteacher,5
PAT-000671,Sraboni Kundu,female,1994-12-12,Hypothyroidism,fisherman,2
PAT-000672,Anika Khatun,female,2004-02-08,Type 2 diabetes mellitus,architect,5
PAT-000673,Rubel Uddin,male,1980-09-13,none,architect,3
PAT-000674,Hasina Mahmud,female,1983-01-11,Bronchial asthma,call centre agent,2
PAT-000675,Mahiya Begum,female,1977-08-26,none,electrician,4
PAT-000676,Rupa Sultana,female,1982-03-27,Type 2 diabetes mellitus,hotel receptionist,2
PAT-000677,Jahid Mollah,male,1954-10-14,none,retired civil servant,2
PAT-000678,Golam Mollah,male,1969-06-04,none,mobile phone repair technician,1
PAT-000679,Hasina Mondal,female,1997-07-09,Bronchial asthma,construction worker,4
PAT-000680,Hossain Islam,male,1964-03-22,none,construction worker,4
PAT-000681,Aminul Islam,male,1980-02-29,none,software developer,2
PAT-000682,Fahim Mondal,male,1977-10-28,none,garment factory worker,1
PAT-000683,Anika Akter,female,1961-08-10,Type 2 diabetes mellitus,retired civil servant,4
PAT-000684,Jesmin Mondal,female,1994-12-26,Type 2 diabetes mellitus,garment factory worker,2
PAT-000685,Bilkis Sheikh,female,1961-07-31,none,madrasa teacher,2
PAT-000686,Jannat Faruque,female,1985-06-03,none,farmer,4
PAT-000687,Rakib Karim,male,1966-06-06,Hypothyroidism,electrician,5
PAT-000688,Mizanur Patwary,male,1962-01-15,Type 2 diabetes mellitus,retired civil servant,4
PAT-000689,Dilruba Sheikh,female,2006-03-11,Hypothyroidism,shopkeeper,1
PAT-000690,Selim Islam,male,1959-04-17,Essential hypertension,shopkeeper,1
PAT-000691,Masud Bhuiyan,male,1958-04-15,Essential hypertension,farmer,2
PAT-000692,Farida Bhuiyan,female,1994-05-28,Type 2 diabetes mellitus,construction worker,2
PAT-000693,Rokeya Sheikh,female,1952-10-09,none,farmer,1
PAT-000694,Nasima Miah,female,1949-04-22,Bronchial asthma,madrasa teacher,3
PAT-000695,Mahiya Rahman,female,1961-11-27,Essential hypertension,tailor,5
PAT-000696,Nadia Ahmed,female,1951-02-05,none,shopkeeper,4
PAT-000697,Mahiya Majumder,female,1981-08-16,none,farmer,5
PAT-000698,Ratan Saha,male,1973-04-20,Essential hypertension,journalist,4
PAT-000699,Rabeya Ahmed,female,1988-07-18,none,accountant,4
PAT-000700,Babul Sheikh,male,1974-06-26,Essential hypertension,office cleaner,3
PAT-000701,Parvin Bhuiyan,female,1979-08-28,Bronchial asthma,sales representative,4
PAT-000702,Mamun Siddique,male,2001-01-31,none,garment merchandiser,3
PAT-000703,Jamal Howlader,male,2004-01-02,Essential hypertension,software developer,2
PAT-000704,Yusuf Uddin,male,1978-11-23,Bronchial asthma,photographer,5
PAT-000705,Tariq Siddique,male,1994-03-23,none,textile engineer,3
PAT-000706,Rahima Mahmud,female,1962-06-24,none,tailor,3
PAT-000707,Lamia Akter,female,1947-03-05,none,shopkeeper,7
PAT-000708,Kamal Mollah,male,1984-06-12,Hypothyroidism,garment merchandiser,3
PAT-000709,Arif Rahman,male,1957-04-22,none,homemaker,2
PAT-000710,Taslima Sultana,female,1992-04-25,Hypothyroidism,fisherman,2
PAT-000711,Shahana Faruque,female,1952-03-03,Bronchial asthma,tailor,2
PAT-000712,Rokeya Haque,female,1967-05-23,none,schoolteacher,1
PAT-000713,Shapla Uddin,female,1983-09-26,none,tailor,3
PAT-000714,Rakib Mahmud,male,1949-05-30,none,tailor,4
PAT-000715,Shakil Uddin,male,1952-04-26,Bronchial asthma,tailor,4
PAT-000716,Babul Howlader,male,1981-08-10,none,textile engineer,1
PAT-000717,Rumana Hossain,female,1987-03-12,none,police constable,2
PAT-000718,Fatema Sarkar,female,1972-03-31,Bronchial asthma,hotel receptionist,5
PAT-000719,Tapan Datta,male,1980-07-03,none,cricket coach,2
PAT-000720,Ibrahim Bhuiyan,male,2006-04-30,Bronchial asthma,garment factory worker,4
PAT-000721,Uttam Saha,male,1975-03-26,none,madrasa teacher,2
PAT-000722,Aminul Karim,male,1992-01-13,Type 2 diabetes mellitus,nurse,1
PAT-000723,Masud Mondal,male,1973-03-25,Essential hypertension,journalist,5
PAT-000724,Nasima Khatun,female,1945-05-13,Bronchial asthma,farmer,0
PAT-000725,Nusrat Haque,female,1945-03-22,none,tailor,2
PAT-000726,Priya Datta,female,1998-09-17,none,security guard,6
PAT-000727,Rashed Hossain,male,1975-06-07,none,shopkeeper,5
PAT-000728,Rumana Hasan,female,2000-01-08,none,ride-share driver,3
PAT-000729,Tanvir Hossain,male,1979-12-01,Type 2 diabetes mellitus,mobile phone repair technician,3
PAT-000730,Shakil Rahman,male,1994-09-18,Hypothyroidism,ride-share driver,3
PAT-000731,Rahim Alam,male,1977-01-20,Hypothyroidism,madrasa teacher,4
PAT-000732,Nazmul Karim,male,1959-02-24,none,madrasa teacher,3
PAT-000733,Rubel Sarkar,male,1962-04-02,Hypothyroidism,madrasa teacher,2
PAT-000734,Afsana Talukder,female,1989-11-28,Hypothyroidism,graphic designer,2
PAT-000735,Farhan Mollah,male,1963-11-23,none,ride-share driver,2
PAT-000736,Sabina Haque,female,1989-08-03,Hypothyroidism,police constable,4
PAT-000737,Nazmul Sheikh,male,1978-09-13,none,accountant,6
PAT-000738,Tapan Roy,male,1984-02-03,none,nurse,2
PAT-000739,Laxmi Saha,female,2002-06-17,none,shopkeeper,2
PAT-000740,Sajjad Alam,male,1997-10-28,none,pharmacist,5
PAT-000741,Mitu Awal,female,1978-07-19,Bronchial asthma,CNG auto-rickshaw driver,6
PAT-000742,Sumaiya Mahmud,female,1955-08-24,Type 2 diabetes mellitus,shopkeeper,4
PAT-000743,Nadia Awal,female,1988-12-27,Bronchial asthma,security guard,1
PAT-000744,Imtiaz Siddique,male,1956-08-04,none,tailor,2
PAT-000745,Tanvir Faruque,male,1990-07-11,none,textile engineer,2
PAT-000746,Sabbir Hasan,male,1979-05-30,Hypothyroidism,journalist,2
PAT-000747,Rumana Mollah,female,1950-12-01,none,farmer,1
PAT-000748,Babul Siddique,male,1955-03-11,none,madrasa teacher,4
PAT-000749,Rubel Majumder,male,1967-04-22,Essential hypertension,delivery rider,5
PAT-000750,Ashraf Ahmed,male,1954-12-06,none,homemaker,3
PAT-000751,Anwar Siddique,male,1985-05-05,Hypothyroidism,textile engineer,3
PAT-000752,Sanjay Dey,male,1945-06-24,Hypothyroidism,shopkeeper,4
PAT-000753,Yusuf Ahmed,male,1962-10-07,none,farmer,7
PAT-000754,Anjali Roy,female,1973-05-24,none,hotel receptionist,1
PAT-000755,Rupa Kabir,female,1960-06-02,Bronchial asthma,farmer,3
PAT-000756,Samira Akter,female,1986-10-02,Type 2 diabetes mellitus,CNG auto-rickshaw driver,2
PAT-000757,Tania Ahmed,female,1987-01-13,Essential hypertension,construction worker,2
PAT-000758,Sabbir Talukder,male,1972-08-22,Bronchial asthma,rickshaw puller,3
PAT-000759,Imtiaz Faruque,male,1987-04-06,none,farmer,4
PAT-000760,Rahima Mondal,female,1962-06-23,none,madrasa teacher,2
PAT-000761,Rubel Alam,male,1960-01-28,none,retired civil servant,4
PAT-000762,Farhan Patwary,male,1998-05-06,Bronchial asthma,photographer,4
PAT-000763,Shahana Ahmed,female,1990-02-16,none,bus driver,2
PAT-000764,Imtiaz Haque,male,1965-04-03,none,tailor,4
PAT-000765,Tariq Alam,male,1967-06-11,Essential hypertension,cricket coach,3
PAT-000766,Shahidul Chowdhury,male,1983-07-29,none,restaurant cook,4
PAT-000767,Sohel Hasan,male,1988-12-26,Bronchial asthma,journalist,2
PAT-000768,Shakil Bhuiyan,male,1975-01-19,none,call centre agent,1
PAT-000769,Jesmin Faruque,female,1994-01-04,none,bank officer,4
PAT-000770,Rabeya Awal,female,1995-04-28,none,sales representative,4
PAT-000771,Samira Mahmud,female,1947-05-20,Bronchial asthma,madrasa teacher,4
PAT-000772,Rupa Talukder,female,1950-06-22,Hypothyroidism,tailor,2
PAT-000773,Rafiq Mollah,male,1970-06-29,Hypothyroidism,accountant,1
PAT-000774,Rafiq Rahman,male,1989-06-20,none,pharmacist,2
PAT-000775,Nargis Khatun,female,1988-12-21,none,lawyer,3
PAT-000776,Lipi Kabir,female,1982-05-03,Essential hypertension,homemaker,3
PAT-000777,Salma Sarkar,female,1992-12-16,none,accountant,6
PAT-000778,Tapan Paul,male,1970-02-28,none,bank officer,4
PAT-000779,Shahana Majumder,female,1986-02-12,Bronchial asthma,photographer,3
PAT-000780,Farhan Talukder,male,1962-03-18,none,shopkeeper,2
PAT-000781,Nargis Faruque,female,1971-01-09,none,ride-share driver,5
PAT-000782,Lamia Khan,female,1956-07-28,none,retired civil servant,6
PAT-000783,Rahima Khatun,female,1947-01-03,Type 2 diabetes mellitus,retired civil servant,4
PAT-000784,Nayeem Majumder,male,1948-09-11,none,tailor,4
PAT-000785,Rumana Ahmed,female,1987-08-11,none,madrasa teacher,2
PAT-000786,Rubel Siddique,male,1950-10-03,none,tailor,3
PAT-000787,Mahiya Miah,female,1963-05-08,Bronchial asthma,garment merchandiser,5
PAT-000788,Nasima Karim,female,1980-06-14,Bronchial asthma,software developer,4
PAT-000789,Ashraf Siddique,male,1971-03-26,Hypothyroidism,textile engineer,2
PAT-000790,Masud Ahmed,male,1987-03-20,none,farmer,2
PAT-000791,Jannat Rahman,female,1982-08-12,none,bank officer,3
PAT-000792,Farida Sultana,female,1964-01-11,Bronchial asthma,software developer,2
PAT-000793,Masud Hossain,male,1985-11-25,none,restaurant cook,2
PAT-000794,Aminul Chowdhury,male,1945-10-19,Type 2 diabetes mellitus,retired civil servant,0
PAT-000795,Sanjay Roy,male,1958-07-28,none,retired civil servant,2
PAT-000796,Sumitra Dey,female,1998-08-05,none,sales representative,7
PAT-000797,Tahsin Rahman,female,1993-12-12,none,restaurant cook,5
PAT-000798,Hasan Ahmed,male,1998-11-16,Essential hypertension,nurse,4
PAT-000799,Ayesha Ahmed,female,1963-07-30,Bronchial asthma,hotel receptionist,2
PAT-000800,Bikash Ghosh,male,1951-01-30,none,tailor,2
PAT-000801,Rehana Ahmed,female,2004-11-16,Essential hypertension,bank officer,5
PAT-000802,Shakil Sarkar,male,1949-11-25,none,shopkeeper,4
PAT-000803,Yusuf Miah,male,1970-10-30,Essential hypertension,farmer,2
PAT-000804,Tariq Talukder,male,1998-01-10,Essential hypertension,photographer,2
PAT-000805,Fahim Faruque,male,2004-03-04,none,ride-share driver,2
PAT-000806,Kamal Miah,male,1958-08-11,Essential hypertension,homemaker,2
PAT-000807,Rehana Begum,female,2002-01-21,none,security guard,5
PAT-000808,Mita Datta,female,1990-09-01,Hypothyroidism,madrasa teacher,5
PAT-000809,Arif Karim,male,1993-01-30,none,homemaker,2
PAT-000810,Nazmul Howlader,male,1968-11-16,Type 2 diabetes mellitus,journalist,4
PAT-000811,Sabbir Miah,male,1963-10-24,Type 2 diabetes mellitus,software developer,2
PAT-000812,Sabbir Majumder,male,1958-11-30,none,retired civil servant,2
PAT-000813,Harun Majumder,male,1956-10-11,Bronchial asthma,madrasa teacher,2
PAT-000814,Shahidul Faruque,male,1989-03-20,none,ride-share driver,3
PAT-000815,Bilkis Mollah,female,1946-03-30,none,homemaker,2
PAT-000816,Nusrat Faruque,female,1980-04-28,Bronchial asthma,police constable,5
PAT-000817,Tahsin Faruque,female,1963-06-05,none,lawyer,3
PAT-000818,Nazmul Awal,male,1983-08-25,none,graphic designer,2
PAT-000819,Salma Uddin,female,1973-02-28,none,cricket coach,2
PAT-000820,Kamal Awal,male,1988-07-07,Bronchial asthma,shopkeeper,2
PAT-000821,Mousumi Biswas,female,1967-11-14,Type 2 diabetes mellitus,schoolteacher,3
PAT-000822,Nadia Hossain,female,2004-05-05,none,farmer,4
PAT-000823,Sabbir Haque,male,1986-06-28,Type 2 diabetes mellitus,garment merchandiser,2
PAT-000824,Rakib Awal,male,1952-10-06,none,tailor,3
PAT-000825,Ibrahim Hossain,male,2005-11-03,Hypothyroidism,shopkeeper,1
PAT-000826,Lamia Awal,female,1954-05-02,none,homemaker,2
PAT-000827,Jahid Hossain,male,1979-09-01,none,CNG auto-rickshaw driver,4
PAT-000828,Parvin Ahmed,female,1972-06-07,none,mobile phone repair technician,2
PAT-000829,Aminul Haque,male,1955-09-17,none,tailor,3
PAT-000830,Shafiq Chowdhury,male,1955-12-06,none,tailor,3
PAT-000831,Shakil Kabir,male,1978-05-04,none,police constable,2
PAT-000832,Harun Sarkar,male,1964-10-08,Bronchial asthma,electrician,4
PAT-000833,Tahsin Mollah,female,2004-02-10,Essential hypertension,office cleaner,4
PAT-000834,Jahid Talukder,male,1953-06-25,none,tailor,2
PAT-000835,Sohel Talukder,male,1987-10-27,none,NGO field officer,3
PAT-000836,Rafiq Sarkar,male,1947-08-19,Bronchial asthma,tailor,4
PAT-000837,Morium Mahmud,female,1976-04-15,Type 2 diabetes mellitus,homemaker,1
PAT-000838,Mamun Chowdhury,male,2004-10-01,Essential hypertension,hotel receptionist,2
PAT-000839,Shahana Talukder,female,1991-08-25,Essential hypertension,bank officer,5
PAT-000840,Abdul Alam,male,1950-08-08,none,retired civil servant,3
PAT-000841,Selim Mahmud,male,1986-04-01,none,software developer,1
PAT-000842,Ibrahim Ahmed,male,1985-02-25,none,software developer,2
PAT-000843,Bilkis Mahmud,female,1970-04-26,none,lawyer,2
PAT-000844,Sumaiya Khatun,female,1945-08-12,Hypothyroidism,tailor,0
PAT-000845,Shafiq Hasan,male,1952-12-21,none,homemaker,4
PAT-000846,Jesmin Islam,female,1992-08-25,Essential hypertension,hotel receptionist,3
PAT-000847,Uttam Paul,male,1997-11-06,none,schoolteacher,2
PAT-000848,Jannat Uddin,female,1952-08-21,none,farmer,3
PAT-000849,Nazmul Majumder,male,1994-04-01,Hypothyroidism,security guard,3
PAT-000850,Sabina Mondal,female,1980-02-15,Essential hypertension,call centre agent,1
PAT-000851,Jamal Hasan,male,1952-12-06,Bronchial asthma,shopkeeper,3
PAT-000852,Shirin Sultana,female,1959-09-12,none,farmer,5
PAT-000853,Rafiq Hasan,male,1973-03-09,Hypothyroidism,office cleaner,4
PAT-000854,Hasan Sarkar,male,1965-03-03,none,bus driver,4
PAT-000855,Samira Mollah,female,1958-08-20,Essential hypertension,madrasa teacher,2
PAT-000856,Mita Mitra,female,1958-04-22,Hypothyroidism,shopkeeper,2
PAT-000857,Nasima Mondal,female,1964-11-12,none,nurse,3
PAT-000858,Tahsin Sarkar,female,1969-05-29,Essential hypertension,hotel receptionist,2
PAT-000859,Babul Hossain,male,1946-12-12,none,farmer,4
PAT-000860,Taslima Begum,female,1968-04-04,Hypothyroidism,photographer,2
PAT-000861,Jahid Mondal,male,1989-12-04,none,graphic designer,2
PAT-000862,Sumitra Saha,female,1986-06-20,none,software developer,3
PAT-000863,Tanvir Bhuiyan,male,1994-06-04,none,restaurant cook,2
PAT-000864,Jesmin Chowdhury,female,1984-08-28,none,textile engineer,4
PAT-000865,Ayesha Islam,female,1986-01-28,none,beautician,6
PAT-000866,Mehedi Siddique,male,1998-07-13,none,electrician,2
PAT-000867,Parvin Faruque,female,1994-02-10,none,cricket coach,2
PAT-000868,Bilkis Talukder,female,1961-10-28,none,madrasa teacher,4
PAT-000869,Fatema Hasan,female,1965-05-10,none,shopkeeper,2
PAT-000870,Rakib Majumder,male,1991-07-13,none,call centre agent,2
PAT-000871,Mitu Khan,female,1993-07-07,Type 2 diabetes mellitus,madrasa teacher,2
PAT-000872,Shirin Begum,female,1991-01-09,none,construction worker,4
PAT-000873,Shirin Rahman,female,1951-02-07,Type 2 diabetes mellitus,madrasa teacher,2
PAT-000874,Sraboni Ghosh,female,1981-10-23,Hypothyroidism,police constable,1
PAT-000875,Salma Islam,female,1971-06-25,Hypothyroidism,rickshaw puller,4
PAT-000876,Uttam Datta,male,1964-12-13,Type 2 diabetes mellitus,nurse,2
PAT-000877,Salma Hasan,female,1991-07-20,none,CNG auto-rickshaw driver,2
PAT-000878,Rashed Mahmud,male,1986-08-11,none,delivery rider,2
PAT-000879,Tariq Rahman,male,1994-03-23,none,architect,2
PAT-000880,Mehedi Alam,male,2005-11-12,none,garment factory worker,2
PAT-000881,Ashraf Chowdhury,male,1980-05-22,none,call centre agent,4
PAT-000882,Golam Karim,male,1993-11-24,none,madrasa teacher,2
PAT-000883,Shahidul Alam,male,1964-01-08,Bronchial asthma,police constable,4
PAT-000884,Sumaiya Siddique,female,1962-09-19,Hypothyroidism,retired civil servant,3
PAT-000885,Ashraf Awal,male,1946-12-05,none,madrasa teacher,2
PAT-000886,Selim Rahman,male,1959-07-13,Bronchial asthma,retired civil servant,2
PAT-000887,Aminul Mollah,male,1971-09-08,Essential hypertension,NGO field officer,4
PAT-000888,Nadia Sheikh,female,1989-10-28,none,accountant,3
PAT-000889,Jesmin Awal,female,2005-08-09,none,architect,2
PAT-000890,Rokeya Mondal,female,1985-12-19,Essential hypertension,lawyer,2
PAT-000891,Nargis Islam,female,1949-06-19,none,shopkeeper,3
PAT-000892,Jannat Awal,female,1954-08-04,none,madrasa teacher,4
PAT-000893,Mita Saha,female,1960-07-05,Bronchial asthma,shopkeeper,3
PAT-000894,Mehedi Karim,male,1991-05-31,Essential hypertension,garment factory worker,2
PAT-000895,Sharmin Sheikh,female,1945-10-11,Hypothyroidism,madrasa teacher,0
PAT-000896,Yusuf Rahman,male,1985-08-02,none,accountant,2
PAT-000897,Hasan Rahman,male,1975-07-31,Type 2 diabetes mellitus,police constable,2
PAT-000898,Abdul Rahman,male,1966-06-09,Essential hypertension,lawyer,1
PAT-000899,Lipi Hasan,female,2006-02-11,none,university student,3
PAT-000900,Shyamal Dey,male,1979-06-19,none,homemaker,3
PAT-000901,Masud Haque,male,1989-07-18,Hypothyroidism,nurse,5
PAT-000902,Shahidul Khan,male,1991-08-30,none,bank officer,5
PAT-000903,Sabina Alam,female,1997-12-13,Hypothyroidism,NGO field officer,7
PAT-000904,Jewel Sikder,male,1982-01-11,none,hotel receptionist,4
PAT-000905,Faruk Molla,male,2000-12-27,Essential hypertension,architect,4
PAT-000906,Hafiz Sarkar,male,1991-05-09,Hypothyroidism,software developer,7
PAT-000907,Rumana Siddique,female,1963-03-21,Type 2 diabetes mellitus,nurse,5
PAT-000908,Tuhin Pramanik,male,1948-02-03,Hypothyroidism,tailor,4
PAT-000909,Fahim Molla,male,1989-08-03,none,restaurant cook,5
PAT-000910,Mahiya Mahmud,female,1980-10-26,none,bus driver,6
PAT-000911,Sajjad Pramanik,male,1973-01-26,Essential hypertension,ride-share driver,6
PAT-000912,Fariha Islam,female,1988-04-26,none,software developer,7
PAT-000913,Yusuf Molla,male,1989-06-09,none,CNG auto-rickshaw driver,4
PAT-000914,Rupa Begum,female,1992-02-24,none,architect,4
PAT-000915,Jui Majumder,female,1945-10-19,none,homemaker,3
PAT-000916,Aminul Sikder,male,1971-08-17,none,architect,4
PAT-000917,Prosenjit Saha,male,1999-09-13,none,textile engineer,3
PAT-000918,Eva Patwary,female,2000-06-04,none,lawyer,5
PAT-000919,Iffat Haque,female,1989-04-23,none,bus driver,3
PAT-000920,Rokeya Shikder,female,1980-02-07,Type 2 diabetes mellitus,NGO field officer,4
PAT-000921,Rezaul Shikder,male,1952-12-11,Bronchial asthma,homemaker,3
PAT-000922,Mamun Khan,male,1971-10-02,none,textile engineer,4
PAT-000923,Wasim Karim,male,1978-06-29,Essential hypertension,bus driver,3
PAT-000924,Parvez Islam,male,1983-04-24,none,garment merchandiser,4
PAT-000925,Zahid Mollah,male,1986-08-24,none,restaurant cook,4
PAT-000926,Rashid Ahmed,male,1998-03-27,none,schoolteacher,7
PAT-000927,Rupali Ghosh,female,1956-08-28,Type 2 diabetes mellitus,madrasa teacher,3
PAT-000928,Morium Begum,female,1953-01-28,none,farmer,4
PAT-000929,Khadija Rahman,female,1968-01-04,none,bank officer,3
PAT-000930,Shamim Patwary,male,1996-06-28,none,fisherman,4
PAT-000931,Jui Matubbar,female,1980-02-05,none,delivery rider,4
PAT-000932,Arafat Munshi,male,1991-12-23,Type 2 diabetes mellitus,restaurant cook,4
PAT-000933,Popy Mondal,female,1966-04-28,Bronchial asthma,garment merchandiser,6
PAT-000934,Shampa Datta,female,1980-11-24,none,mobile phone repair technician,5
PAT-000935,Jannatul Alam,female,1961-04-30,Essential hypertension,homemaker,5
PAT-000936,Rokeya Rahman,female,1999-12-10,none,lawyer,5
PAT-000937,Shirin Islam,female,2006-10-05,none,university student,5
PAT-000938,Tamim Gazi,male,1950-01-13,Bronchial asthma,homemaker,4
PAT-000939,Fariha Alam,female,1994-09-22,Type 2 diabetes mellitus,ride-share driver,5
PAT-000940,Tanvir Molla,male,1948-05-18,none,madrasa teacher,4
PAT-000941,Dalia Sikder,female,2005-02-18,Hypothyroidism,NGO field officer,7
PAT-000942,Zahid Patwary,male,1956-04-07,Bronchial asthma,tailor,3
PAT-000943,Nargis Patwary,female,1995-03-02,none,fisherman,3
PAT-000944,Liton Pramanik,male,2006-02-22,Bronchial asthma,university student,4
PAT-000945,Saiful Pramanik,male,2006-01-15,none,garment factory worker,3
PAT-000946,Asif Uddin,male,2003-12-16,none,fisherman,5
PAT-000947,Rokeya Ahmed,female,2000-02-23,Hypothyroidism,tailor,6
PAT-000948,Mita Ghosh,female,1969-11-03,none,tailor,4
PAT-000949,Laila Miah,female,1978-09-06,none,textile engineer,5
PAT-000950,Orin Akter,female,1960-03-17,none,tailor,4
PAT-000951,Rehana Sultana,female,1975-06-29,none,cricket coach,4
PAT-000952,Jewel Uddin,male,1949-02-25,none,retired civil servant,5
PAT-000953,Nazma Chowdhury,female,1956-09-11,none,tailor,6
PAT-000954,Harun Gazi,male,1969-09-25,none,call centre agent,8
PAT-000955,Nusrat Gazi,female,1978-06-03,none,bus driver,4
PAT-000956,Farida Pramanik,female,2004-12-21,none,pharmacist,3
PAT-000957,Tamim Rahman,male,1946-08-13,none,shopkeeper,3
PAT-000958,Sultana Hossain,female,1960-01-02,Bronchial asthma,retired civil servant,6
PAT-000959,Rakib Mollah,male,1964-07-26,none,rickshaw puller,6
PAT-000960,Taslima Sarkar,female,1998-12-12,none,delivery rider,5
PAT-000961,Masud Rahman,male,1982-09-18,Bronchial asthma,schoolteacher,6
PAT-000962,Ishrat Miah,female,1962-07-05,none,homemaker,5
PAT-000963,Karim Khan,male,1953-10-30,none,homemaker,3
PAT-000964,Sumitra Nath,female,1963-05-31,none,schoolteacher,6
PAT-000965,Shyamal Bhattacharya,male,1952-12-23,none,homemaker,6
PAT-000966,Rubel Talukder,male,1991-12-08,none,photographer,3
PAT-000967,Fatema Kabir,female,1977-06-26,Hypothyroidism,delivery rider,3
PAT-000968,Shapla Gazi,female,1983-08-19,none,graphic designer,3
PAT-000969,Karim Bhuiyan,male,1985-04-27,Hypothyroidism,photographer,5
PAT-000970,Mitu Alam,female,1985-04-21,Hypothyroidism,garment factory worker,6
PAT-000971,Kamal Pramanik,male,1987-12-02,none,bus driver,3
PAT-000972,Arif Siddique,male,1993-12-12,none,cricket coach,4
PAT-000973,Hafiz Molla,male,1988-07-18,Hypothyroidism,architect,4
PAT-000974,Samira Awal,female,1990-11-06,none,accountant,4
PAT-000975,Liton Chowdhury,male,1959-09-23,none,farmer,4
PAT-000976,Orin Kabir,female,1984-04-08,none,fisherman,5
PAT-000977,Laila Khan,female,2004-03-04,none,security guard,5
PAT-000978,Dalia Gazi,female,1959-04-04,none,retired civil servant,4
PAT-000979,Monir Howlader,male,1972-10-12,none,bus driver,6
PAT-000980,Zahid Sarkar,male,1978-11-26,none,fisherman,5
PAT-000981,Emon Awal,male,1991-05-08,Essential hypertension,software developer,4
PAT-000982,Emon Gazi,male,1993-11-07,Hypothyroidism,cricket coach,3
PAT-000983,Jui Mahmud,female,1997-12-18,none,homemaker,5
PAT-000984,Tamim Sarkar,male,1996-01-27,Hypothyroidism,schoolteacher,4
PAT-000985,Rashid Akand,male,1964-07-12,none,mobile phone repair technician,5
PAT-000986,Zakia Patwary,female,1989-06-19,none,software developer,4
PAT-000987,Jewel Haque,male,1991-07-20,none,call centre agent,3
PAT-000988,Saiful Hossain,male,1950-06-13,Essential hypertension,madrasa teacher,4
PAT-000989,Nazma Awal,female,2002-03-11,Essential hypertension,hotel receptionist,7
PAT-000990,Mamun Uddin,male,1992-07-13,none,beautician,3
PAT-000991,Abdul Matubbar,male,1980-02-13,none,farmer,3
PAT-000992,Nusrat Khatun,female,1962-08-31,none,madrasa teacher,7
PAT-000993,Ibrahim Sarkar,male,1960-03-26,Essential hypertension,farmer,6
PAT-000994,Emon Uddin,male,1949-02-23,Essential hypertension,farmer,5
PAT-000995,Emon Talukder,male,1947-12-15,none,madrasa teacher,4
PAT-000996,Farida Gazi,female,1967-12-07,none,journalist,3
PAT-000997,Mahbub Howlader,male,1958-05-03,none,madrasa teacher,4
PAT-000998,Masud Alam,male,2006-10-17,none,garment factory worker,7
PAT-000999,Rokeya Talukder,female,1982-09-25,none,schoolteacher,3
PAT-001000,Hasina Molla,female,2006-03-14,none,university student,7
PAT-001001,Farzana Hossain,female,1978-08-19,Bronchial asthma,call centre agent,4
PAT-001002,Afsana Hasan,female,1976-01-30,none,nurse,7
PAT-001003,Dipak Kundu,male,1975-07-03,Hypothyroidism,delivery rider,6
PAT-001004,Mahfuz Chowdhury,male,1963-10-28,Type 2 diabetes mellitus,sales representative,3
PAT-001005,Nabila Sarkar,female,1964-09-06,Essential hypertension,retired civil servant,6
PAT-001006,Saad Bhuiyan,male,1951-07-29,Hypothyroidism,shopkeeper,4
PAT-001007,Bilkis Awal,female,2002-12-06,none,accountant,3
PAT-001008,Harun Molla,male,1957-12-04,none,shopkeeper,4
PAT-001009,Priya Chakraborty,female,1967-01-05,none,retired civil servant,4
PAT-001010,Nayeem Karim,male,2004-12-06,Type 2 diabetes mellitus,mobile phone repair technician,3
PAT-001011,Rabeya Mollah,female,1961-03-26,none,madrasa teacher,5
PAT-001012,Tania Gazi,female,1948-08-10,Bronchial asthma,homemaker,4
PAT-001013,Mahfuz Awal,male,1946-11-21,none,homemaker,6
PAT-001014,Tuhin Mondal,male,1966-09-15,none,NGO field officer,4
PAT-001015,Rehana Alam,female,1995-10-06,none,graphic designer,7
PAT-001016,Nadia Gazi,female,1954-10-31,none,tailor,4
PAT-001017,Hasan Karim,male,1975-11-08,Bronchial asthma,cricket coach,6
PAT-001018,Liton Sarkar,male,1984-12-30,none,police constable,6
PAT-001019,Emon Miah,male,1970-08-09,none,police constable,4
PAT-001020,Zakia Akand,female,1993-05-31,none,ride-share driver,4
PAT-001021,Riad Sikder,male,1997-08-09,none,CNG auto-rickshaw driver,4
PAT-001022,Sajjad Shikder,male,2002-12-12,Type 2 diabetes mellitus,call centre agent,4
PAT-001023,Mahmuda Mondal,female,2005-09-02,Bronchial asthma,CNG auto-rickshaw driver,3
PAT-001024,Babul Talukder,male,1951-04-17,Essential hypertension,madrasa teacher,3
PAT-001025,Bikash Bose,male,1981-05-22,none,rickshaw puller,6
PAT-001026,Nayeem Islam,male,1972-08-14,none,graphic designer,3
PAT-001027,Gautam Nath,male,1960-01-21,none,farmer,4
PAT-001028,Mehnaz Sikder,female,1977-11-14,Bronchial asthma,pharmacist,5
PAT-001029,Mehnaz Akand,female,1954-04-15,Essential hypertension,tailor,3
PAT-001030,Shikha Dey,female,1994-04-03,Type 2 diabetes mellitus,hotel receptionist,7
PAT-001031,Jewel Molla,male,1978-02-07,none,office cleaner,4
PAT-001032,Tamim Munshi,male,1961-03-28,none,farmer,4
PAT-001033,Aminul Akand,male,1973-07-29,none,police constable,4
PAT-001034,Arafat Dewan,male,1995-12-12,Type 2 diabetes mellitus,restaurant cook,5
PAT-001035,Mahfuz Bepari,male,1951-12-14,none,tailor,4
PAT-001036,Hafiz Bepari,male,1987-11-11,Type 2 diabetes mellitus,nurse,3
PAT-001037,Shafiq Faruque,male,1945-02-13,none,tailor,2
PAT-001038,Sraboni Das,female,1985-02-14,Bronchial asthma,electrician,5
PAT-001039,Zakia Molla,female,1993-11-21,Bronchial asthma,NGO field officer,4
PAT-001040,Mala Halder,female,1978-02-19,none,delivery rider,5
PAT-001041,Morium Bhuiyan,female,1978-05-01,none,architect,3
PAT-001042,Abul Pramanik,male,1955-01-14,Hypothyroidism,farmer,3
PAT-001043,Tamim Mahmud,male,1975-10-17,Hypothyroidism,photographer,5
PAT-001044,Jahid Patwary,male,1948-03-30,Hypothyroidism,tailor,3
PAT-001045,Afsana Matubbar,female,1962-03-16,none,tailor,4
PAT-001046,Ratan Roy,male,1960-05-09,none,retired civil servant,5
PAT-001047,Tamim Dewan,male,1968-12-19,none,call centre agent,3
PAT-001048,Mehedi Pramanik,male,1983-07-29,none,security guard,6
PAT-001049,Zakia Uddin,female,1948-10-14,none,madrasa teacher,4
PAT-001050,Emon Khan,male,1961-01-09,Bronchial asthma,homemaker,4
PAT-001051,Eva Mahmud,female,1950-08-15,none,homemaker,4
PAT-001052,Sumaiya Munshi,female,1955-03-29,none,retired civil servant,3
PAT-001053,Rupa Mondal,female,1953-03-05,none,homemaker,4
PAT-001054,Farzana Chowdhury,female,1951-03-14,Type 2 diabetes mellitus,homemaker,4
PAT-001055,Liton Gazi,male,1960-08-27,none,madrasa teacher,4
PAT-001056,Asif Munshi,male,1951-04-07,Type 2 diabetes mellitus,farmer,3
PAT-001057,Nabila Hasan,female,1973-04-04,Essential hypertension,accountant,4
PAT-001058,Rahima Matubbar,female,2005-09-13,none,garment factory worker,5
PAT-001059,Fahim Sarkar,male,1973-08-21,none,rickshaw puller,4
PAT-001060,Debashis Sarkar,male,1994-03-13,none,restaurant cook,6
PAT-001061,Tamim Islam,male,1949-03-03,Hypothyroidism,madrasa teacher,3
PAT-001062,Arif Matubbar,male,1978-02-10,none,textile engineer,4
PAT-001063,Habib Shikder,male,1952-05-31,Type 2 diabetes mellitus,madrasa teacher,3
PAT-001064,Hossain Sarkar,male,1980-06-06,none,homemaker,3
PAT-001065,Nazma Bepari,female,1966-02-10,none,architect,7
PAT-001066,Mehedi Bepari,male,1998-02-10,Essential hypertension,lawyer,4
PAT-001067,Bikash Kundu,male,1998-12-14,none,restaurant cook,3
PAT-001068,Krishna Biswas,female,1999-03-25,none,beautician,3
PAT-001069,Tamim Mondal,male,1947-09-30,Essential hypertension,homemaker,5
PAT-001070,Mita Nath,female,1998-07-14,Essential hypertension,mobile phone repair technician,5
PAT-001071,Mehedi Majumder,male,1972-10-31,none,office cleaner,3
PAT-001072,Zakia Mondal,female,1986-08-09,none,homemaker,6
PAT-001073,Selim Uddin,male,1979-03-31,none,architect,6
PAT-001074,Mehnaz Pramanik,female,1946-03-03,Bronchial asthma,farmer,3
PAT-001075,Rezaul Ahmed,male,1984-02-07,Essential hypertension,mobile phone repair technician,3
PAT-001076,Champa Majumder,female,2000-11-04,Essential hypertension,architect,4
PAT-001077,Mizanur Gazi,male,1949-01-18,none,shopkeeper,3
PAT-001078,Mahiya Uddin,female,1971-11-23,none,hotel receptionist,3
PAT-001079,Ziaur Khan,male,1968-08-03,none,police constable,6
PAT-001080,Tanvir Sikder,male,1964-01-30,none,beautician,3
PAT-001081,Rozina Bepari,female,1987-02-25,none,construction worker,5
PAT-001082,Masud Patwary,male,1963-06-09,Type 2 diabetes mellitus,restaurant cook,4
PAT-001083,Sohel Islam,male,1996-08-06,none,beautician,3
PAT-001084,Sumaiya Bhuiyan,female,1992-12-25,Type 2 diabetes mellitus,CNG auto-rickshaw driver,3
PAT-001085,Nadia Matubbar,female,1989-06-02,Bronchial asthma,homemaker,3
PAT-001086,Rekha Sarkar,female,1998-04-24,none,homemaker,5
PAT-001087,Rozina Patwary,female,1999-07-31,Hypothyroidism,textile engineer,3
PAT-001088,Nargis Sultana,female,1977-07-25,none,bus driver,3
PAT-001089,Rekha Datta,female,1958-06-28,none,homemaker,3
PAT-001090,Rehana Khan,female,1963-04-04,none,accountant,3
PAT-001091,Faruk Shikder,male,1994-12-15,none,NGO field officer,3
PAT-001092,Sanjay Halder,male,1964-10-12,none,schoolteacher,3
PAT-001093,Sadia Munshi,female,1975-02-12,none,delivery rider,6
PAT-001094,Puja Das,female,1948-07-31,Type 2 diabetes mellitus,shopkeeper,4
PAT-001095,Arif Pramanik,male,1989-10-15,Type 2 diabetes mellitus,fisherman,3
PAT-001096,Ishrat Sarkar,female,1969-05-06,none,farmer,4
PAT-001097,Rabeya Khatun,female,2003-04-07,Type 2 diabetes mellitus,garment factory worker,3
PAT-001098,Uttam Roy,male,1973-09-06,Bronchial asthma,nurse,3
PAT-001099,Tania Siddique,female,1960-12-22,none,homemaker,3
PAT-001100,Tahsin Pramanik,female,1985-04-03,none,accountant,4
PAT-001101,Habiba Chowdhury,female,1999-07-29,none,textile engineer,6
PAT-001102,Rokeya Hossain,female,1980-02-20,none,security guard,4
PAT-001103,Ruma Akand,female,1960-12-13,Type 2 diabetes mellitus,shopkeeper,3
PAT-001104,Fahim Majumder,male,1964-06-16,none,journalist,5
PAT-001105,Karim Siddique,male,1990-08-01,Essential hypertension,police constable,4
PAT-001106,Tahsin Bepari,female,1956-06-20,Essential hypertension,madrasa teacher,4
PAT-001107,Jubayer Akand,male,1966-04-28,none,lawyer,5
PAT-001108,Golam Howlader,male,1986-03-19,none,garment factory worker,3
PAT-001109,Manik Nath,male,1973-10-10,Bronchial asthma,photographer,3
PAT-001110,Popy Sultana,female,1982-10-04,none,electrician,4
PAT-001111,Shafiq Mahmud,male,1965-11-02,Type 2 diabetes mellitus,electrician,3
PAT-001112,Rubel Khan,male,2005-11-20,none,delivery rider,3
PAT-001113,Laila Sikder,female,1985-01-27,none,NGO field officer,6
PAT-001114,Shyamal Bose,male,1976-03-10,none,textile engineer,4
PAT-001115,Tuhin Mahmud,male,2001-10-28,none,farmer,3
PAT-001116,Dalia Molla,female,1986-04-19,Hypothyroidism,restaurant cook,3
PAT-001117,Shamima Sheikh,female,1991-04-21,none,farmer,3
PAT-001118,Rumana Gazi,female,1951-12-24,none,retired civil servant,5
PAT-001119,Ratan Datta,male,2005-05-08,Bronchial asthma,journalist,3
PAT-001120,Anwar Sarkar,male,1953-04-20,Hypothyroidism,shopkeeper,3
PAT-001121,Nargis Shikder,female,2002-02-19,none,accountant,3
PAT-001122,Rezaul Gazi,male,2004-09-10,Type 2 diabetes mellitus,architect,4
PAT-001123,Bilkis Haque,female,1967-07-20,none,rickshaw puller,5
PAT-001124,Tamim Kabir,male,1979-04-06,none,accountant,3
PAT-001125,Riad Pramanik,male,1998-09-23,Essential hypertension,journalist,3
PAT-001126,Rezaul Alam,male,1945-10-10,none,retired civil servant,3
PAT-001127,Aminul Molla,male,1981-11-09,Essential hypertension,police constable,3
PAT-001128,Mahbub Hasan,male,1996-09-15,none,tailor,4
PAT-001129,Rehana Dewan,female,1958-06-17,none,shopkeeper,5
PAT-001130,Ehsan Haque,male,1977-11-23,none,restaurant cook,6
PAT-001131,Zakia Sarkar,female,2001-12-18,none,sales representative,4
PAT-001132,Kawsar Hossain,male,2000-10-05,none,rickshaw puller,4
PAT-001133,Sabina Chowdhury,female,1977-01-25,none,ride-share driver,3
PAT-001134,Riad Mondal,male,1969-04-24,none,bank officer,8
PAT-001135,Anika Bhuiyan,female,1978-03-02,none,hotel receptionist,3
PAT-001136,Nabila Sheikh,female,1985-08-19,none,rickshaw puller,6
PAT-001137,Habib Islam,male,2004-10-14,none,madrasa teacher,3
PAT-001138,Arafat Mondal,male,1981-05-19,none,bank officer,3
PAT-001139,Chandana Chakraborty,female,1964-08-27,none,hotel receptionist,3
PAT-001140,Rupa Bhuiyan,female,1967-09-06,Hypothyroidism,CNG auto-rickshaw driver,3
PAT-001141,Zakia Mollah,female,1954-11-09,none,tailor,5
PAT-001142,Sumaiya Molla,female,1949-07-27,Type 2 diabetes mellitus,madrasa teacher,4
PAT-001143,Nargis Mondal,female,1949-09-04,Bronchial asthma,madrasa teacher,3
PAT-001144,Anjali Sen,female,2001-07-18,none,delivery rider,4
PAT-001145,Ayesha Shikder,female,1955-11-12,none,shopkeeper,5
PAT-001146,Mousumi Roy,female,1963-05-19,Hypothyroidism,nurse,4
PAT-001147,Hossain Rahman,male,1986-07-10,Bronchial asthma,garment factory worker,4
PAT-001148,Hafsa Bhuiyan,female,1996-05-08,none,schoolteacher,5
PAT-001149,Ashraf Sheikh,male,1955-05-24,none,tailor,3
PAT-001150,Babul Alam,male,1989-04-25,none,CNG auto-rickshaw driver,4
PAT-001151,Habiba Matubbar,female,2003-01-03,none,software developer,3
PAT-001152,Nayeem Pramanik,male,1960-05-06,Essential hypertension,farmer,3
PAT-001153,Iffat Khatun,female,1981-09-08,none,architect,3
PAT-001154,Shamima Talukder,female,1986-12-14,Bronchial asthma,beautician,5
PAT-001155,Dalia Mondal,female,1959-07-27,Essential hypertension,tailor,5
PAT-001156,Jubayer Patwary,male,1985-03-10,none,rickshaw puller,3
PAT-001157,Zahid Chowdhury,male,1949-08-22,none,homemaker,4
PAT-001158,Jubayer Siddique,male,1947-03-19,none,tailor,4
PAT-001159,Sabina Molla,female,1947-05-03,Type 2 diabetes mellitus,tailor,3
PAT-001160,Tamanna Mondal,female,1945-08-20,none,madrasa teacher,3
PAT-001161,Saad Patwary,male,1957-11-19,none,homemaker,3
PAT-001162,Jahid Majumder,male,1952-08-02,none,retired civil servant,3
PAT-001163,Ehsan Bepari,male,1998-06-01,Type 2 diabetes mellitus,homemaker,6
PAT-001164,Mehedi Mahmud,male,1980-11-30,none,office cleaner,5
PAT-001165,Rezaul Dewan,male,1986-04-12,Essential hypertension,garment merchandiser,3
PAT-001166,Taslima Talukder,female,1970-05-06,none,madrasa teacher,5
PAT-001167,Ishrat Shikder,female,2002-03-09,Essential hypertension,nurse,4
PAT-001168,Jannat Patwary,female,1977-12-19,Essential hypertension,sales representative,4
PAT-001169,Nupur Datta,female,1972-03-13,none,sales representative,4
PAT-001170,Tanvir Awal,male,1977-07-18,Hypothyroidism,farmer,4
PAT-001171,Nargis Sheikh,female,1954-05-03,Bronchial asthma,madrasa teacher,4
PAT-001172,Mizanur Akand,male,1958-10-13,none,tailor,3
PAT-001173,Ziaur Chowdhury,male,1964-11-14,Bronchial asthma,fisherman,4
PAT-001174,Zakia Khatun,female,1995-12-23,none,bank officer,6
PAT-001175,Fariha Sheikh,female,1981-01-26,Hypothyroidism,police constable,4
PAT-001176,Mehedi Patwary,male,1958-08-31,none,farmer,4
PAT-001177,Tapan Bhattacharya,male,1951-05-19,none,homemaker,3
PAT-001178,Laila Mondal,female,2003-11-06,Bronchial asthma,hotel receptionist,4
PAT-001179,Wasim Siddique,male,1979-02-13,none,photographer,3
PAT-001180,Sabina Faruque,female,1976-02-11,Type 2 diabetes mellitus,textile engineer,3
PAT-001181,Shakil Faruque,male,2000-12-20,Type 2 diabetes mellitus,schoolteacher,5
PAT-001182,Hasina Gazi,female,2001-12-11,none,graphic designer,4
PAT-001183,Dalia Khan,female,1946-05-19,none,shopkeeper,4
PAT-001184,Saiful Mondal,male,1951-10-08,none,shopkeeper,4
PAT-001185,Nasima Rahman,female,1978-02-01,Hypothyroidism,NGO field officer,4
PAT-001186,Afsana Begum,female,1952-10-04,none,madrasa teacher,4
PAT-001187,Anika Bepari,female,1946-07-11,none,madrasa teacher,7
PAT-001188,Shahana Hasan,female,1968-11-10,none,journalist,5
PAT-001189,Sakib Hasan,male,1986-11-22,none,NGO field officer,5
PAT-001190,Masud Kabir,male,2003-01-08,none,security guard,3
PAT-001191,Bushra Karim,female,1978-11-10,none,bus driver,3
PAT-001192,Mala Das,female,1981-01-13,none,shopkeeper,3
PAT-001193,Sharmin Rahman,female,1945-07-13,Essential hypertension,farmer,2
PAT-001194,Arifa Chowdhury,female,1979-11-27,Essential hypertension,CNG auto-rickshaw driver,3
PAT-001195,Fahim Chowdhury,male,1992-08-11,Bronchial asthma,bank officer,3
PAT-001196,Obaidul Khan,male,1958-07-12,none,shopkeeper,5
PAT-001197,Shirin Sikder,female,1964-02-11,Essential hypertension,police constable,7
PAT-001198,Mahmuda Talukder,female,1963-12-06,Essential hypertension,accountant,7
PAT-001199,Monir Haque,male,1961-12-03,Hypothyroidism,tailor,4
PAT-001200,Arafat Mahmud,male,1995-01-06,none,photographer,5
PAT-001201,Arifa Matubbar,female,1958-04-20,Hypothyroidism,homemaker,3
PAT-001202,Shapla Dewan,female,1985-05-02,none,garment merchandiser,3
PAT-001203,Jewel Mollah,male,1962-02-22,Bronchial asthma,homemaker,4
PAT-001204,Shampa Biswas,female,1974-05-30,none,fisherman,6
PAT-001205,Nazma Sikder,female,1992-08-30,Type 2 diabetes mellitus,pharmacist,4
PAT-001206,Saiful Awal,male,2004-07-18,Essential hypertension,beautician,3
PAT-001207,Abdul Siddique,male,2001-07-11,none,hotel receptionist,3
PAT-001208,Habiba Patwary,female,1967-01-21,none,shopkeeper,7
PAT-001209,Kawsar Uddin,male,1980-02-01,Type 2 diabetes mellitus,garment merchandiser,5
PAT-001210,Nazma Ahmed,female,1947-06-27,Bronchial asthma,homemaker,4
PAT-001211,Jubayer Hasan,male,1969-01-31,Hypothyroidism,nurse,6
PAT-001212,Golam Shikder,male,1962-03-22,none,shopkeeper,5
PAT-001213,Mahfuz Rahman,male,1958-07-30,Type 2 diabetes mellitus,homemaker,8
PAT-001214,Sajjad Hossain,male,1980-07-13,Hypothyroidism,nurse,4
PAT-001215,Jamal Islam,male,1988-05-25,none,nurse,5
PAT-001216,Parvin Bepari,female,1984-02-29,none,delivery rider,4
PAT-001217,Hafiz Kabir,male,1971-08-21,none,NGO field officer,5
PAT-001218,Rakib Patwary,male,1979-12-28,none,ride-share driver,6
PAT-001219,Masud Dewan,male,1964-03-01,none,retired civil servant,4
PAT-001220,Jannatul Howlader,female,1958-09-22,none,madrasa teacher,3
PAT-001221,Arafat Khan,male,1980-05-31,Essential hypertension,farmer,4
PAT-001222,Karim Sheikh,male,1979-05-20,Hypothyroidism,hotel receptionist,3
PAT-001223,Afsana Kabir,female,1951-10-05,Essential hypertension,tailor,5
PAT-001224,Prosenjit Nath,male,1961-04-16,none,tailor,4
PAT-001225,Arif Chowdhury,male,1976-03-17,none,ride-share driver,4
PAT-001226,Nargis Pramanik,female,1952-10-07,Hypothyroidism,homemaker,5
PAT-001227,Selim Matubbar,male,1966-09-09,Bronchial asthma,bus driver,4
PAT-001228,Mehedi Bhuiyan,male,1979-12-06,none,construction worker,5
PAT-001229,Yusuf Khan,male,1959-07-27,none,homemaker,4
PAT-001230,Babul Dewan,male,1992-09-19,Bronchial asthma,construction worker,5
PAT-001231,Bikash Sen,male,1959-08-17,none,madrasa teacher,3
PAT-001232,Laila Sultana,female,1966-12-06,none,sales representative,7
PAT-001233,Marium Begum,female,1962-04-09,none,farmer,3
PAT-001234,Shathi Mondal,female,1961-09-03,none,shopkeeper,6
PAT-001235,Jubayer Gazi,male,2004-04-30,none,delivery rider,4
PAT-001236,Golam Akand,male,1993-03-16,none,delivery rider,3
PAT-001237,Mahfuz Molla,male,1992-12-18,none,photographer,4
PAT-001238,Kulsum Sheikh,female,1978-11-16,none,shopkeeper,4
PAT-001239,Eva Majumder,female,1973-12-10,none,farmer,4
PAT-001240,Mahmuda Ahmed,female,1961-06-10,Type 2 diabetes mellitus,homemaker,4
PAT-001241,Rakib Hossain,male,1982-05-02,none,rickshaw puller,5
PAT-001242,Obaidul Awal,male,1969-11-16,none,hotel receptionist,6
PAT-001243,Arafat Hasan,male,1975-12-22,none,bus driver,5
PAT-001244,Pradip Das,male,1957-03-04,none,homemaker,4
PAT-001245,Ruma Uddin,female,1947-12-05,none,retired civil servant,3
PAT-001246,Rubel Ahmed,male,1981-11-10,Hypothyroidism,rickshaw puller,3
PAT-001247,Prosenjit Bose,male,2005-08-27,none,garment factory worker,4
PAT-001248,Mostafa Alam,male,1948-12-02,none,homemaker,4
PAT-001249,Sraboni Sarkar,female,1951-06-30,none,homemaker,4
PAT-001250,Sajjad Gazi,male,1996-05-13,none,madrasa teacher,4
PAT-001251,Mehnaz Islam,female,1986-12-07,none,CNG auto-rickshaw driver,5
PAT-001252,Shampa Bose,female,1987-08-29,Hypothyroidism,farmer,4
PAT-001253,Lipi Pramanik,female,2004-10-07,none,bank officer,5
PAT-001254,Tamanna Begum,female,2002-06-20,Bronchial asthma,tailor,5
PAT-001255,Sadia Khan,female,2001-05-12,none,bus driver,3
PAT-001256,Dipali Das,female,1959-07-31,Essential hypertension,farmer,4
PAT-001257,Shikha Nath,female,1946-01-11,Hypothyroidism,farmer,3
PAT-001258,Nazmul Sikder,male,1957-12-29,Essential hypertension,shopkeeper,3
PAT-001259,Farzana Mollah,female,1986-12-16,Bronchial asthma,graphic designer,3
PAT-001260,Nazma Matubbar,female,1978-08-14,none,beautician,4
PAT-001261,Kanai Roy,male,1989-12-20,none,beautician,7
PAT-001262,Tuhin Faruque,male,2002-03-14,none,hotel receptionist,3
PAT-001263,Shampa Sarkar,female,1962-06-29,Essential hypertension,tailor,4
PAT-001264,Shathi Akand,female,2005-10-13,none,nurse,3
PAT-001265,Sakib Mollah,male,1953-05-29,none,madrasa teacher,3
PAT-001266,Mostafa Patwary,male,1998-03-17,none,bus driver,6
PAT-001267,Monir Talukder,male,1970-12-07,Type 2 diabetes mellitus,police constable,3
PAT-001268,Abul Molla,male,1995-04-27,none,construction worker,5
PAT-001269,Champa Akand,female,1955-06-02,none,homemaker,5
PAT-001270,Mahfuz Bhuiyan,male,1964-06-09,none,graphic designer,3
PAT-001271,Jannatul Ahmed,female,1984-06-21,none,ride-share driver,6
PAT-001272,Bithi Sarkar,female,1960-02-21,none,retired civil servant,3
PAT-001273,Nayeem Gazi,male,2006-06-26,none,shopkeeper,4
PAT-001274,Tahsin Talukder,female,2003-03-18,Essential hypertension,office cleaner,6
PAT-001275,Abul Alam,male,1968-09-15,Hypothyroidism,shopkeeper,4
PAT-001276,Nasima Uddin,female,1990-10-24,none,madrasa teacher,4
PAT-001277,Habib Talukder,male,1965-10-02,none,graphic designer,3
PAT-001278,Sumitra Roy,female,1970-09-08,none,software developer,7
PAT-001279,Asif Islam,male,1955-05-09,Hypothyroidism,farmer,5
PAT-001280,Champa Dewan,female,1988-04-24,Essential hypertension,garment factory worker,4
PAT-001281,Kulsum Uddin,female,1976-01-15,Bronchial asthma,software developer,4
PAT-001282,Kamal Patwary,male,1968-12-24,Bronchial asthma,pharmacist,6
PAT-001283,Shapla Bhuiyan,female,1966-06-24,none,rickshaw puller,8
PAT-001284,Sanjida Begum,female,1996-09-13,Hypothyroidism,textile engineer,3
PAT-001285,Anwar Molla,male,1974-11-22,none,electrician,4
PAT-001286,Afsana Uddin,female,1962-11-24,none,police constable,3
PAT-001287,Farzana Bepari,female,1960-07-01,none,tailor,6
PAT-001288,Shamim Siddique,male,1963-09-12,Essential hypertension,call centre agent,7
PAT-001289,Tania Begum,female,1970-10-20,none,homemaker,4
PAT-001290,Nazma Shikder,female,1977-07-07,none,nurse,4
PAT-001291,Rokeya Akand,female,1951-06-23,none,madrasa teacher,5
PAT-001292,Mahbub Awal,male,1967-12-05,none,photographer,3
PAT-001293,Bithi Bhattacharya,female,1983-07-17,none,homemaker,6
PAT-001294,Tanvir Munshi,male,2003-01-20,Type 2 diabetes mellitus,sales representative,4
PAT-001295,Wasim Hossain,male,1983-02-06,Essential hypertension,tailor,4
PAT-001296,Sultana Dewan,female,1953-07-20,none,farmer,3
PAT-001297,Farhan Akand,male,1963-03-22,none,textile engineer,3
PAT-001298,Tamim Patwary,male,1968-12-04,Type 2 diabetes mellitus,garment factory worker,5
PAT-001299,Sanjida Bepari,female,1991-12-11,none,photographer,6
PAT-001300,Jewel Pramanik,male,1993-09-11,none,garment factory worker,6
PAT-001301,Sabbir Karim,male,1947-01-08,none,retired civil servant,4
PAT-001302,Golam Bepari,male,1950-07-29,Type 2 diabetes mellitus,shopkeeper,3
PAT-001303,Dalia Sheikh,female,1975-07-15,Hypothyroidism,journalist,6
PAT-001304,Samira Khatun,female,1985-09-16,none,call centre agent,6
PAT-001305,Rina Sarkar,female,1958-10-07,none,homemaker,3
PAT-001306,Rina Mondol,female,1960-05-27,none,farmer,3
PAT-001307,Faruk Hossain,male,1978-07-22,none,garment merchandiser,4
PAT-001308,Jui Sarkar,female,1989-02-26,none,accountant,4
PAT-001309,Shamima Uddin,female,1985-07-09,Essential hypertension,nurse,4
PAT-001310,Mahiya Siddique,female,1982-01-18,none,architect,3
PAT-001311,Farzana Alam,female,1974-01-27,none,mobile phone repair technician,5
PAT-001312,Rumana Awal,female,2004-05-12,Hypothyroidism,security guard,3
PAT-001313,Lamia Mahmud,female,1977-08-30,none,NGO field officer,4
PAT-001314,Ehsan Munshi,male,1972-01-27,none,CNG auto-rickshaw driver,6
PAT-001315,Masud Akand,male,1982-09-03,none,electrician,4
PAT-001316,Nabila Uddin,female,1976-06-07,Hypothyroidism,mobile phone repair technician,4
PAT-001317,Zakia Mahmud,female,1949-02-18,none,madrasa teacher,4
PAT-001318,Mostafa Mahmud,male,1973-09-05,none,pharmacist,4
PAT-001319,Bushra Shikder,female,1993-05-27,Hypothyroidism,textile engineer,5
PAT-001320,Mahmuda Bhuiyan,female,1998-12-01,none,shopkeeper,4
PAT-001321,Abdul Sarkar,male,1970-09-13,none,bank officer,4
PAT-001322,Farzana Bhuiyan,female,1985-05-02,Bronchial asthma,schoolteacher,4
PAT-001323,Laila Haque,female,1986-02-25,none,bus driver,3
PAT-001324,Asif Miah,male,1965-01-22,Essential hypertension,fisherman,3
PAT-001325,Faruk Sikder,male,1960-08-14,Hypothyroidism,shopkeeper,4
PAT-001326,Dipali Paul,female,1949-11-07,none,retired civil servant,3
PAT-001327,Jesmin Hasan,female,1991-02-15,Hypothyroidism,photographer,4
PAT-001328,Jubayer Karim,male,1961-04-29,none,retired civil servant,4
PAT-001329,Rashid Gazi,male,1961-06-15,none,tailor,3
PAT-001330,Masud Talukder,male,1974-12-03,none,farmer,4
PAT-001331,Lipi Hossain,female,1958-06-27,none,retired civil servant,3
PAT-001332,Zahid Rahman,male,1952-02-17,none,tailor,4
PAT-001333,Sohel Munshi,male,1971-06-04,Bronchial asthma,textile engineer,5
PAT-001334,Ehsan Miah,male,1987-07-09,none,call centre agent,3
PAT-001335,Ranjit Saha,male,1999-11-18,Type 2 diabetes mellitus,nurse,6
PAT-001336,Rozina Mahmud,female,1995-08-24,none,construction worker,6
PAT-001337,Khadija Sheikh,female,1983-09-14,none,graphic designer,6
PAT-001338,Bikash Datta,male,1997-04-22,Bronchial asthma,sales representative,5
PAT-001339,Dilruba Shikder,female,1981-09-12,none,cricket coach,4
PAT-001340,Hasan Uddin,male,1975-07-10,none,farmer,3
PAT-001341,Monir Ahmed,male,1969-08-17,Hypothyroidism,delivery rider,4
PAT-001342,Rashid Mahmud,male,1972-01-30,Type 2 diabetes mellitus,photographer,3
PAT-001343,Shapla Akand,female,1950-06-05,Hypothyroidism,farmer,3
PAT-001344,Nadia Faruque,female,1998-12-21,none,rickshaw puller,5
PAT-001345,Golam Dewan,male,1944-11-21,none,shopkeeper,2
PAT-001346,Mahmuda Chowdhury,female,1987-06-21,Essential hypertension,accountant,4
PAT-001347,Sharmin Karim,female,1963-09-18,none,hotel receptionist,4
PAT-001348,Jesmin Mahmud,female,1980-09-18,Type 2 diabetes mellitus,fisherman,3
PAT-001349,Jannat Akand,female,1955-12-08,Hypothyroidism,madrasa teacher,4
PAT-001350,Kawsar Islam,male,1958-04-05,Hypothyroidism,homemaker,4
PAT-001351,Jesmin Akter,female,1993-10-07,Type 2 diabetes mellitus,construction worker,4
PAT-001352,Debashis Das,male,1947-05-11,Hypothyroidism,homemaker,3
PAT-001353,Salma Haque,female,2003-02-16,none,homemaker,4
PAT-001354,Zahid Matubbar,male,1959-07-07,none,madrasa teacher,6
PAT-001355,Imtiaz Mahmud,male,2006-05-07,none,garment factory worker,4
PAT-001356,Nusrat Mondal,female,1966-10-05,none,retired civil servant,4
PAT-001357,Papiya Mondol,female,1952-06-13,Bronchial asthma,farmer,4
PAT-001358,Nurul Miah,male,1950-05-28,Essential hypertension,farmer,3
PAT-001359,Shamima Kabir,female,1948-08-06,none,homemaker,4
PAT-001360,Eva Mondal,female,1993-07-20,none,tailor,4
PAT-001361,Faruk Kabir,male,1956-03-23,Bronchial asthma,shopkeeper,3
PAT-001362,Abdul Sikder,male,1979-02-16,Bronchial asthma,farmer,4
PAT-001363,Tamim Khan,male,1977-11-26,none,fisherman,3
PAT-001364,Sakib Pramanik,male,1978-12-16,none,pharmacist,3
PAT-001365,Shafiq Khan,male,1961-04-28,none,homemaker,4
PAT-001366,Farida Akand,female,1952-04-30,none,tailor,3
PAT-001367,Bilkis Akand,female,2001-06-24,Essential hypertension,textile engineer,3
PAT-001368,Nayeem Molla,male,1995-01-08,none,farmer,4
PAT-001369,Mahbub Pramanik,male,1986-10-25,none,mobile phone repair technician,3
PAT-001370,Rashid Mondal,male,1945-01-16,Type 2 diabetes mellitus,tailor,3
PAT-001371,Sanjida Munshi,female,1960-10-17,Type 2 diabetes mellitus,madrasa teacher,3
PAT-001372,Ratan Kundu,male,2002-09-23,none,hotel receptionist,4
PAT-001373,Nurul Pramanik,male,1992-06-29,none,homemaker,3
PAT-001374,Jesmin Hossain,female,1949-07-18,none,homemaker,4
PAT-001375,Dalia Dewan,female,2001-12-27,Hypothyroidism,ride-share driver,3
PAT-001376,Sajjad Awal,male,1951-09-27,none,shopkeeper,7
PAT-001377,Rashid Khan,male,1991-11-02,Essential hypertension,office cleaner,3
PAT-001378,Rezaul Howlader,male,1992-03-07,none,homemaker,4
PAT-001379,Babul Bepari,male,1971-05-23,none,bus driver,3
PAT-001380,Abul Munshi,male,1972-01-27,Hypothyroidism,restaurant cook,3
PAT-001381,Rumana Howlader,female,1962-04-20,Hypothyroidism,retired civil servant,5
PAT-001382,Tamim Karim,male,2001-05-21,Bronchial asthma,graphic designer,5
PAT-001383,Mahiya Faruque,female,1957-06-24,none,homemaker,6
PAT-001384,Arafat Ahmed,male,1970-09-08,none,restaurant cook,3
PAT-001385,Bikash Sarkar,male,1999-02-19,none,textile engineer,5
PAT-001386,Amit Dey,male,1981-09-07,Hypothyroidism,farmer,3
PAT-001387,Rabeya Bepari,female,1994-08-15,none,madrasa teacher,4
PAT-001388,Fatema Rahman,female,1979-09-26,none,ride-share driver,3
PAT-001389,Jannat Islam,female,1963-12-19,none,ride-share driver,7
PAT-001390,Rupa Miah,female,2004-04-09,none,lawyer,7
PAT-001391,Shamima Chowdhury,female,1954-07-15,Hypothyroidism,homemaker,3
PAT-001392,Nazma Patwary,female,1963-10-31,Bronchial asthma,electrician,3
PAT-001393,Monir Hasan,male,1987-05-22,Hypothyroidism,accountant,4
PAT-001394,Sajjad Sikder,male,1966-01-12,none,police constable,5
PAT-001395,Arifa Mollah,female,1972-12-29,none,journalist,4
PAT-001396,Ibrahim Miah,male,1960-10-15,none,madrasa teacher,4
PAT-001397,Hafiz Gazi,male,2003-02-26,none,restaurant cook,4
PAT-001398,Rakib Rahman,male,1949-12-30,Bronchial asthma,farmer,4
PAT-001399,Ehsan Kabir,male,1979-06-12,Essential hypertension,tailor,3
PAT-001400,Ziaur Ahmed,male,1960-01-30,none,homemaker,5
PAT-001401,Zakia Shikder,female,1945-09-01,none,madrasa teacher,2
PAT-001402,Ishrat Bepari,female,1953-02-25,none,retired civil servant,3
PAT-001403,Tuhin Sheikh,male,1968-12-03,none,madrasa teacher,6
PAT-001404,Ayesha Hasan,female,1997-10-06,Hypothyroidism,office cleaner,4
PAT-001405,Rafiq Matubbar,male,1990-10-01,none,security guard,6
PAT-001406,Laila Rahman,female,2005-09-22,Type 2 diabetes mellitus,bus driver,4
PAT-001407,Fariha Sultana,female,1974-01-01,none,software developer,5
PAT-001408,Golam Majumder,male,1971-06-19,Bronchial asthma,CNG auto-rickshaw driver,3
PAT-001409,Abdul Gazi,male,1981-08-13,Essential hypertension,construction worker,5
PAT-001410,Samira Miah,female,1946-01-05,Type 2 diabetes mellitus,homemaker,3
PAT-001411,Khadija Awal,female,1951-03-16,Type 2 diabetes mellitus,retired civil servant,5
PAT-001412,Rakib Molla,male,1964-01-08,none,restaurant cook,5
PAT-001413,Wasim Miah,male,1962-04-04,Type 2 diabetes mellitus,farmer,6
PAT-001414,Sultana Molla,female,1951-01-21,Type 2 diabetes mellitus,tailor,4
PAT-001415,Abul Siddique,male,1956-12-17,none,shopkeeper,8
PAT-001416,Farhan Faruque,male,1961-07-02,Bronchial asthma,shopkeeper,5
PAT-001417,Tariq Akand,male,1970-05-31,Type 2 diabetes mellitus,rickshaw puller,3
PAT-001418,Rahim Mahmud,male,1991-09-18,none,homemaker,5
PAT-001419,Sukumar Nath,male,2006-04-11,Bronchial asthma,shopkeeper,3
PAT-001420,Shapla Shikder,female,2000-04-25,Type 2 diabetes mellitus,homemaker,3
PAT-001421,Jubayer Uddin,male,1980-03-14,none,cricket coach,5
PAT-001422,Hasan Haque,male,1970-12-04,none,software developer,4
PAT-001423,Sraboni Bose,female,1988-01-13,Essential hypertension,rickshaw puller,3
PAT-001424,Emon Siddique,male,1958-10-07,none,retired civil servant,6
PAT-001425,Hasina Faruque,female,1967-04-22,Hypothyroidism,retired civil servant,4
PAT-001426,Anwar Shikder,male,1961-09-24,Type 2 diabetes mellitus,madrasa teacher,4
PAT-001427,Jannatul Kabir,female,2004-08-30,none,tailor,7
PAT-001428,Bilkis Islam,female,1949-01-20,Essential hypertension,homemaker,7
PAT-001429,Dilruba Pramanik,female,1969-02-19,none,garment merchandiser,3
PAT-001430,Tasnim Kabir,female,1972-07-20,none,garment factory worker,4
PAT-001431,Ranjit Sen,male,1988-12-31,Essential hypertension,accountant,7
PAT-001432,Marium Matubbar,female,2004-09-09,Hypothyroidism,garment factory worker,6
PAT-001433,Tushar Kundu,male,1973-07-28,Bronchial asthma,accountant,7
PAT-001434,Ranjit Roy,male,1966-09-14,none,restaurant cook,3
PAT-001435,Anjali Chakraborty,female,1982-03-16,Hypothyroidism,lawyer,7
PAT-001436,Mehedi Talukder,male,1954-10-02,Essential hypertension,homemaker,4
PAT-001437,Parvez Shikder,male,1996-01-12,none,nurse,3
PAT-001438,Fatema Akter,female,1967-01-10,none,madrasa teacher,3
PAT-001439,Shamim Islam,male,1973-06-03,none,hotel receptionist,7
PAT-001440,Pradip Kundu,male,2003-01-07,Hypothyroidism,graphic designer,4
PAT-001441,Nabila Mahmud,female,1957-02-19,none,homemaker,4
PAT-001442,Krishna Bose,female,1954-01-20,Essential hypertension,farmer,4
PAT-001443,Dipali Mondol,female,1995-03-18,Essential hypertension,CNG auto-rickshaw driver,8
PAT-001444,Yusuf Shikder,male,1951-11-17,none,tailor,6
PAT-001445,Mehnaz Patwary,female,1999-12-22,none,ride-share driver,3
PAT-001446,Hossain Matubbar,male,1973-05-11,Hypothyroidism,madrasa teacher,5
PAT-001447,Nabila Karim,female,1967-01-04,Hypothyroidism,ride-share driver,7
PAT-001448,Hasina Hasan,female,1981-02-22,Hypothyroidism,hotel receptionist,3
PAT-001449,Champa Awal,female,2001-10-26,Essential hypertension,software developer,5
PAT-001450,Nirmal Das,male,1977-02-03,none,police constable,4
PAT-001451,Rokeya Patwary,female,1949-07-12,Type 2 diabetes mellitus,farmer,4
PAT-001452,Jannat Alam,female,1954-09-11,Bronchial asthma,tailor,3
PAT-001453,Jahid Bepari,male,1987-12-27,Essential hypertension,photographer,5
PAT-001454,Nurul Faruque,male,1994-09-14,none,architect,4
PAT-001455,Hafiz Karim,male,1975-05-13,none,photographer,4
PAT-001456,Fariha Faruque,female,1967-05-27,none,electrician,3
PAT-001457,Asif Bhuiyan,male,1979-02-07,none,cricket coach,3
PAT-001458,Hafsa Majumder,female,1995-10-03,Essential hypertension,tailor,4
PAT-001459,Shakil Pramanik,male,1954-07-26,none,farmer,3
PAT-001460,Sajjad Ahmed,male,2004-11-30,none,homemaker,5
PAT-001461,Manik Mondol,male,1947-01-17,Essential hypertension,tailor,6
PAT-001462,Hafiz Bhuiyan,male,2001-05-14,Essential hypertension,mobile phone repair technician,3
PAT-001463,Hasan Bepari,male,1950-04-07,none,tailor,4
PAT-001464,Rafiq Ahmed,male,1998-02-03,none,garment factory worker,5
PAT-001465,Abul Chowdhury,male,1996-12-18,Bronchial asthma,CNG auto-rickshaw driver,3
PAT-001466,Prosenjit Mondol,male,1959-01-11,none,farmer,5
PAT-001467,Jesmin Munshi,female,1958-10-06,none,tailor,5
PAT-001468,Mitu Sikder,female,1963-12-23,Essential hypertension,security guard,6
PAT-001469,Jhuma Biswas,female,1966-03-07,none,farmer,5
PAT-001470,Ehsan Sarkar,male,1995-07-02,Type 2 diabetes mellitus,ride-share driver,3
PAT-001471,Mahmuda Siddique,female,1988-02-09,none,textile engineer,6
PAT-001472,Masud Shikder,male,1964-12-22,none,police constable,3
PAT-001473,Rafiq Islam,male,1957-07-12,none,madrasa teacher,3
PAT-001474,Ashraf Kabir,male,1945-11-26,none,madrasa teacher,6
PAT-001475,Nurul Akand,male,1999-12-18,none,tailor,5
PAT-001476,Nabila Majumder,female,1990-02-03,none,farmer,3
PAT-001477,Popy Munshi,female,1988-03-24,Bronchial asthma,office cleaner,6
PAT-001478,Rahima Pramanik,female,1979-01-06,none,tailor,6
PAT-001479,Hafiz Dewan,male,1968-11-18,Hypothyroidism,bank officer,4
PAT-001480,Eva Miah,female,1954-01-19,none,retired civil servant,4
PAT-001481,Khadija Khan,female,1961-03-20,Bronchial asthma,farmer,3
PAT-001482,Sabbir Sheikh,male,1973-05-31,Bronchial asthma,sales representative,5
PAT-001483,Rupa Khatun,female,1990-08-09,none,restaurant cook,3
PAT-001484,Mostafa Miah,male,2004-05-26,none,CNG auto-rickshaw driver,3
PAT-001485,Zakia Bhuiyan,female,1966-01-17,Hypothyroidism,retired civil servant,4
PAT-001486,Masud Chowdhury,male,1989-07-25,none,homemaker,4
PAT-001487,Mamun Munshi,male,1958-10-21,Essential hypertension,tailor,3
PAT-001488,Shakil Islam,male,2004-08-04,none,rickshaw puller,3
PAT-001489,Sumitra Bose,female,1991-11-08,none,homemaker,7
PAT-001490,Rahima Begum,female,1976-10-08,none,software developer,3
PAT-001491,Jubayer Islam,male,2004-09-12,none,schoolteacher,5
PAT-001492,Mamun Mahmud,male,1980-06-11,Type 2 diabetes mellitus,security guard,5
PAT-001493,Jewel Akand,male,1979-08-13,none,electrician,6
PAT-001494,Wasim Sarkar,male,1970-02-23,Essential hypertension,restaurant cook,4
PAT-001495,Arifa Begum,female,1972-06-07,none,restaurant cook,3
PAT-001496,Saiful Sikder,male,1990-04-13,none,madrasa teacher,3
PAT-001497,Saad Akand,male,1969-01-11,Type 2 diabetes mellitus,textile engineer,5
PAT-001498,Sultana Akand,female,1965-08-17,Bronchial asthma,shopkeeper,4
PAT-001499,Wasim Faruque,male,1985-08-31,none,fisherman,3
PAT-001500,Faruk Sarkar,male,1965-07-06,Essential hypertension,ride-share driver,5
PAT-001501,Tanvir Gazi,male,1991-10-02,none,photographer,4
PAT-001502,Harun Talukder,male,1956-02-07,none,homemaker,3
PAT-001503,Shafiq Sarkar,male,1981-03-05,none,beautician,3
PAT-001504,Tasnim Ahmed,female,2000-09-27,none,pharmacist,3
PAT-001505,Kamal Munshi,male,1971-03-05,none,garment merchandiser,3
PAT-001506,Jubayer Molla,male,1957-08-17,Hypothyroidism,madrasa teacher,3
PAT-001507,Anwar Patwary,male,1975-02-12,Bronchial asthma,police constable,3
PAT-001508,Rezaul Islam,male,1959-04-27,none,retired civil servant,3
PAT-001509,Papiya Ghosh,female,1966-02-20,none,retired civil servant,5
PAT-001510,Nabila Mollah,female,1960-05-22,Essential hypertension,retired civil servant,4
PAT-001511,Nusrat Islam,female,1989-05-20,none,fisherman,3
PAT-001512,Hafiz Mahmud,male,1972-02-08,none,sales representative,3
PAT-001513,Nirmal Sarkar,male,1992-03-26,none,NGO field officer,3
PAT-001514,Tamanna Gazi,female,1955-02-24,Bronchial asthma,farmer,4
PAT-001515,Morium Hossain,female,1979-03-22,Essential hypertension,restaurant cook,4
PAT-001516,Jesmin Khatun,female,1948-08-26,Bronchial asthma,homemaker,3
PAT-001517,Gautam Chakraborty,male,1993-11-20,none,fisherman,5
PAT-001518,Dalia Alam,female,1962-12-24,none,accountant,3
PAT-001519,Sakib Miah,male,1964-03-13,none,security guard,3
PAT-001520,Saad Faruque,male,1945-08-28,Bronchial asthma,madrasa teacher,3
PAT-001521,Uttam Bhattacharya,male,1956-08-11,Type 2 diabetes mellitus,madrasa teacher,4
PAT-001522,Lamia Dewan,female,1953-04-04,Essential hypertension,farmer,3
PAT-001523,Ratan Mitra,male,1979-07-10,Type 2 diabetes mellitus,farmer,3
PAT-001524,Jubayer Alam,male,1962-10-02,none,shopkeeper,4
PAT-001525,Ruma Sarkar,female,1999-08-20,Type 2 diabetes mellitus,electrician,4
PAT-001526,Dilruba Ahmed,female,1996-08-02,Type 2 diabetes mellitus,lawyer,4
PAT-001527,Hafiz Hossain,male,1997-07-04,none,restaurant cook,4
PAT-001528,Wasim Mondal,male,1964-07-17,none,tailor,4
PAT-001529,Orin Majumder,female,1946-05-15,none,shopkeeper,3
PAT-001530,Lamia Islam,female,1995-02-14,none,cricket coach,3
PAT-001531,Tasnim Munshi,female,1980-07-08,Type 2 diabetes mellitus,fisherman,3
PAT-001532,Sadia Ahmed,female,1948-11-26,Bronchial asthma,retired civil servant,4
PAT-001533,Bilkis Sarkar,female,1967-11-14,none,farmer,6
PAT-001534,Ibrahim Alam,male,1962-08-11,none,retired civil servant,3
PAT-001535,Riad Hasan,male,1948-01-22,Bronchial asthma,madrasa teacher,4
PAT-001536,Shafiq Mondal,male,1957-04-18,none,retired civil servant,3
PAT-001537,Mahiya Dewan,female,1999-07-19,none,fisherman,3
PAT-001538,Shirin Howlader,female,1968-09-30,Type 2 diabetes mellitus,schoolteacher,3
PAT-001539,Obaidul Talukder,male,1967-04-30,none,mobile phone repair technician,6
PAT-001540,Rupa Faruque,female,1991-11-10,Hypothyroidism,security guard,8
PAT-001541,Habiba Faruque,female,1973-08-07,none,bank officer,4
PAT-001542,Wasim Uddin,male,1960-07-31,Bronchial asthma,farmer,3
PAT-001543,Yusuf Pramanik,male,1951-07-31,none,shopkeeper,3
PAT-001544,Ibrahim Bepari,male,1945-03-14,none,shopkeeper,2
PAT-001545,Mousumi Ghosh,female,1965-04-16,Type 2 diabetes mellitus,lawyer,6
PAT-001546,Rahima Akter,female,1946-08-10,none,tailor,4
PAT-001547,Shirin Chowdhury,female,1958-09-18,Type 2 diabetes mellitus,shopkeeper,3
PAT-001548,Dilruba Chowdhury,female,1975-10-09,Type 2 diabetes mellitus,beautician,3
PAT-001549,Arifa Awal,female,1963-06-12,none,accountant,5
PAT-001550,Lamia Matubbar,female,1991-11-20,none,ride-share driver,3
PAT-001551,Abdul Majumder,male,1990-06-15,none,NGO field officer,5
PAT-001552,Jamal Molla,male,1987-10-07,Type 2 diabetes mellitus,office cleaner,3
PAT-001553,Riad Rahman,male,1984-01-09,none,bus driver,3
PAT-001554,Ishrat Kabir,female,1952-02-11,Hypothyroidism,farmer,3
PAT-001555,Kamal Shikder,male,2006-06-16,none,garment factory worker,5
PAT-001556,Tania Kabir,female,1995-05-26,Bronchial asthma,farmer,6
PAT-001557,Rashed Sarkar,male,1954-11-09,Essential hypertension,shopkeeper,3
PAT-001558,Sumaiya Matubbar,female,1962-04-15,none,tailor,5
PAT-001559,Rina Kundu,female,1953-08-05,Bronchial asthma,tailor,4
PAT-001560,Hasina Khatun,female,1967-06-09,none,CNG auto-rickshaw driver,3
PAT-001561,Laila Talukder,female,1972-09-07,Type 2 diabetes mellitus,graphic designer,6
PAT-001562,Mahmuda Mahmud,female,1962-05-17,Type 2 diabetes mellitus,farmer,3
PAT-001563,Mahmuda Molla,female,1973-09-19,Essential hypertension,tailor,5
PAT-001564,Rashid Sikder,male,1952-06-29,none,farmer,3
PAT-001565,Kamal Talukder,male,1974-02-09,none,rickshaw puller,6
PAT-001566,Parvin Mondal,female,1976-11-05,none,architect,3
PAT-001567,Nasima Awal,female,1951-05-06,none,retired civil servant,4
PAT-001568,Kawsar Dewan,male,1994-08-31,none,pharmacist,5
PAT-001569,Jewel Ahmed,male,1951-05-12,Type 2 diabetes mellitus,madrasa teacher,7
PAT-001570,Morium Patwary,female,1967-03-27,none,homemaker,3
PAT-001571,Rokeya Matubbar,female,1948-12-06,none,farmer,4
PAT-001572,Mehnaz Matubbar,female,1948-03-11,none,retired civil servant,5
PAT-001573,Ruma Bhuiyan,female,2005-04-26,none,architect,5
PAT-001574,Nupur Roy,female,2005-05-25,Hypothyroidism,CNG auto-rickshaw driver,3
PAT-001575,Jubayer Chowdhury,male,1945-06-30,none,farmer,4
PAT-001576,Lamia Bepari,female,1985-12-08,Hypothyroidism,beautician,4
PAT-001577,Jannatul Majumder,female,2006-09-10,none,garment factory worker,5
PAT-001578,Zahid Sikder,male,1954-11-01,Hypothyroidism,retired civil servant,3
PAT-001579,Rezaul Sarkar,male,1960-12-11,Type 2 diabetes mellitus,shopkeeper,3
PAT-001580,Tamim Bhuiyan,male,2002-05-09,Essential hypertension,shopkeeper,3
PAT-001581,Farida Islam,female,1963-04-22,none,lawyer,4
PAT-001582,Arafat Hossain,male,1955-01-29,none,homemaker,5
PAT-001583,Bushra Miah,female,1999-11-20,none,software developer,4
PAT-001584,Rupa Alam,female,2005-06-22,Hypothyroidism,bank officer,3
PAT-001585,Ehsan Mollah,male,1983-08-02,Type 2 diabetes mellitus,beautician,5
PAT-001586,Ashraf Uddin,male,1948-06-14,none,madrasa teacher,4
PAT-001587,Jubayer Miah,male,1989-08-20,Hypothyroidism,photographer,3
PAT-001588,Dipak Bose,male,1955-07-16,none,tailor,6
PAT-001589,Prosenjit Sarkar,male,1975-12-23,none,pharmacist,3
PAT-001590,Champa Faruque,female,1948-07-16,none,farmer,4
PAT-001591,Mehnaz Mahmud,female,1968-05-25,none,journalist,4
PAT-001592,Rezaul Faruque,male,1999-05-21,none,journalist,5
PAT-001593,Orin Awal,female,1992-08-23,none,pharmacist,5
PAT-001594,Selim Gazi,male,1948-07-10,Hypothyroidism,farmer,5
PAT-001595,Ashraf Patwary,male,1979-03-11,Hypothyroidism,lawyer,5
PAT-001596,Rakib Munshi,male,1991-03-01,Bronchial asthma,fisherman,3
PAT-001597,Sultana Pramanik,female,1995-08-15,none,bank officer,3
PAT-001598,Sultana Siddique,female,1960-08-06,Bronchial asthma,tailor,3
PAT-001599,Ishrat Islam,female,1948-11-29,none,shopkeeper,4
PAT-001600,Abul Sheikh,male,1981-12-09,Hypothyroidism,shopkeeper,4
PAT-001601,Rahim Akand,male,1977-08-30,Hypothyroidism,NGO field officer,5
PAT-001602,Ehsan Matubbar,male,1959-08-17,Bronchial asthma,retired civil servant,3
PAT-001603,Shyamal Biswas,male,1983-05-24,none,schoolteacher,4
PAT-001604,Obaidul Kabir,male,1986-12-30,none,construction worker,5
PAT-001605,Kakoli Paul,female,1989-09-02,Bronchial asthma,garment merchandiser,7
PAT-001606,Sajjad Majumder,male,1990-10-23,none,schoolteacher,4
PAT-001607,Abul Bepari,male,1970-04-11,Bronchial asthma,textile engineer,3
PAT-001608,Mehedi Ahmed,male,1990-07-17,Essential hypertension,hotel receptionist,4
PAT-001609,Arif Sikder,male,1976-10-25,none,shopkeeper,6
PAT-001610,Liton Alam,male,1991-04-23,none,pharmacist,7
PAT-001611,Jahid Shikder,male,1947-01-04,Type 2 diabetes mellitus,homemaker,3
PAT-001612,Kamal Mondal,male,1947-07-06,none,homemaker,3
PAT-001613,Nargis Rahman,female,1946-11-30,none,madrasa teacher,3
PAT-001614,Salma Sultana,female,1978-05-19,none,photographer,6
PAT-001615,Nazma Islam,female,1949-12-02,none,homemaker,5
PAT-001616,Shapla Haque,female,1982-09-22,none,beautician,4
PAT-001617,Dilruba Majumder,female,1984-01-24,none,farmer,4
PAT-001618,Sohel Mondal,male,2004-05-22,Type 2 diabetes mellitus,architect,6
PAT-001619,Sabina Akand,female,1947-05-14,Type 2 diabetes mellitus,retired civil servant,4
PAT-001620,Rahima Sheikh,female,1946-01-25,none,homemaker,3
PAT-001621,Shahidul Mondal,male,1945-04-13,none,farmer,4
PAT-001622,Mahfuz Ahmed,male,1997-12-10,none,madrasa teacher,5
PAT-001623,Hasina Mollah,female,1956-08-02,Essential hypertension,farmer,4
PAT-001624,Fatema Awal,female,1994-12-11,none,graphic designer,5
PAT-001625,Priya Mitra,female,1976-08-19,none,electrician,5
PAT-001626,Sultana Bepari,female,1963-10-10,none,NGO field officer,4
PAT-001627,Parvez Hasan,male,1952-02-01,Hypothyroidism,madrasa teacher,6
PAT-001628,Hafiz Siddique,male,2002-10-08,none,hotel receptionist,5
PAT-001629,Rabeya Islam,female,2001-05-15,none,software developer,4
PAT-001630,Abul Kabir,male,1997-10-18,none,nurse,6
PAT-001631,Sabbir Munshi,male,1994-05-23,none,rickshaw puller,3
PAT-001632,Jannatul Sarkar,female,1954-12-05,none,tailor,4
PAT-001633,Nayeem Sheikh,male,2001-08-10,Hypothyroidism,office cleaner,3
PAT-001634,Jahid Bhuiyan,male,1959-03-12,none,tailor,4
PAT-001635,Tushar Bose,male,1964-06-30,Type 2 diabetes mellitus,call centre agent,3
PAT-001636,Nurul Mahmud,male,1960-08-03,none,retired civil servant,5
PAT-001637,Mahiya Bepari,female,1946-09-07,Hypothyroidism,madrasa teacher,4
PAT-001638,Rakib Shikder,male,2003-12-21,Hypothyroidism,lawyer,4
PAT-001639,Habib Mondal,male,1992-08-18,Bronchial asthma,pharmacist,6
PAT-001640,Popy Majumder,female,1984-04-23,none,bank officer,5
PAT-001641,Emon Pramanik,male,1964-06-20,none,sales representative,6
PAT-001642,Yusuf Talukder,male,1975-03-26,none,journalist,4
PAT-001643,Jui Bhuiyan,female,1981-03-20,Type 2 diabetes mellitus,photographer,4
PAT-001644,Tamanna Kabir,female,1954-02-28,none,madrasa teacher,5
PAT-001645,Kamal Hasan,male,1955-07-20,none,tailor,4
PAT-001646,Sabina Patwary,female,1998-01-20,none,electrician,6
PAT-001647,Sabina Akter,female,2000-05-04,none,pharmacist,5
PAT-001648,Sumaiya Ahmed,female,1982-01-10,Essential hypertension,CNG auto-rickshaw driver,4
PAT-001649,Shamima Mahmud,female,1977-03-24,none,sales representative,7
PAT-001650,Ishrat Mollah,female,1956-09-24,Type 2 diabetes mellitus,tailor,3
PAT-001651,Shathi Matubbar,female,1995-02-19,none,office cleaner,3
PAT-001652,Sajjad Bhuiyan,male,1967-03-09,Bronchial asthma,journalist,5
PAT-001653,Ehsan Uddin,male,1969-11-03,none,sales representative,4
PAT-001654,Pradip Datta,male,2001-06-22,none,nurse,4
PAT-001655,Jui Siddique,female,1956-08-20,Essential hypertension,shopkeeper,5
PAT-001656,Farhan Rahman,male,1947-07-22,Hypothyroidism,madrasa teacher,3
PAT-001657,Farzana Matubbar,female,1970-02-13,none,mobile phone repair technician,5
PAT-001658,Ayesha Rahman,female,1965-10-11,Bronchial asthma,madrasa teacher,4
PAT-001659,Mehnaz Mondal,female,1953-04-05,Hypothyroidism,shopkeeper,4
PAT-001660,Ruma Karim,female,1971-02-09,Essential hypertension,beautician,4
PAT-001661,Afsana Hossain,female,1972-07-08,Essential hypertension,graphic designer,3
PAT-001662,Sohel Howlader,male,1968-05-07,Type 2 diabetes mellitus,photographer,3
PAT-001663,Rezaul Uddin,male,1949-02-15,none,madrasa teacher,5
PAT-001664,Nasima Kabir,female,1948-04-30,Bronchial asthma,homemaker,5
PAT-001665,Rashid Shikder,male,1950-03-24,none,shopkeeper,4
PAT-001666,Anika Howlader,female,1961-12-25,none,farmer,3
PAT-001667,Shirin Haque,female,1975-09-18,Bronchial asthma,security guard,3
PAT-001668,Ranjit Das,male,2001-07-23,none,madrasa teacher,3
PAT-001669,Anwar Chowdhury,male,1959-04-08,Essential hypertension,tailor,3
PAT-001670,Shirin Patwary,female,1998-01-02,Hypothyroidism,mobile phone repair technician,4
PAT-001671,Afsana Mahmud,female,1991-07-27,none,office cleaner,3
PAT-001672,Tamanna Munshi,female,1993-05-12,none,security guard,6
PAT-001673,Jhuma Chakraborty,female,1973-12-26,Type 2 diabetes mellitus,journalist,3
PAT-001674,Priya Sarkar,female,1945-03-06,Bronchial asthma,farmer,4
PAT-001675,Sadia Pramanik,female,1963-05-09,Essential hypertension,pharmacist,6
PAT-001676,Rafiq Haque,male,1984-11-05,none,bank officer,4
PAT-001677,Sabbir Shikder,male,1974-01-14,Type 2 diabetes mellitus,CNG auto-rickshaw driver,6
PAT-001678,Abdul Pramanik,male,1979-06-02,none,security guard,3
PAT-001679,Tasnim Shikder,female,1973-01-16,none,ride-share driver,4
PAT-001680,Jamal Shikder,male,1968-10-11,none,delivery rider,5
PAT-001681,Laila Majumder,female,1976-06-09,none,police constable,3
PAT-001682,Nurul Siddique,male,1993-04-23,Hypothyroidism,architect,5
PAT-001683,Hafsa Hasan,female,1990-01-10,Bronchial asthma,ride-share driver,4
PAT-001684,Parvez Chowdhury,male,2005-12-12,Bronchial asthma,garment factory worker,3
PAT-001685,Laila Islam,female,1951-03-10,Type 2 diabetes mellitus,homemaker,4
PAT-001686,Mala Bose,female,1997-09-29,Bronchial asthma,graphic designer,4
PAT-001687,Saiful Uddin,male,1998-07-30,none,pharmacist,5
PAT-001688,Babul Islam,male,1954-05-20,none,retired civil servant,4
PAT-001689,Ashok Das,male,1962-11-07,none,journalist,3
PAT-001690,Habiba Pramanik,female,1956-02-20,Essential hypertension,tailor,3
PAT-001691,Harun Karim,male,1988-05-22,Essential hypertension,bus driver,6
PAT-001692,Babul Bhuiyan,male,1988-04-13,none,shopkeeper,3
PAT-001693,Ruma Howlader,female,1978-10-30,Type 2 diabetes mellitus,photographer,4
PAT-001694,Rubel Awal,male,1945-05-14,none,madrasa teacher,2
PAT-001695,Rubel Rahman,male,2001-07-26,Bronchial asthma,architect,6
PAT-001696,Arif Khan,male,1989-12-05,none,garment factory worker,3
PAT-001697,Anwar Akand,male,1955-05-05,none,shopkeeper,6
PAT-001698,Parvez Miah,male,1951-06-22,none,tailor,3
PAT-001699,Mostafa Bepari,male,1964-02-01,none,office cleaner,4
PAT-001700,Mehnaz Shikder,female,1981-12-04,none,office cleaner,3
PAT-001701,Shafiq Haque,male,1996-04-07,none,pharmacist,4
PAT-001702,Masud Molla,male,1948-06-25,none,tailor,4
PAT-001703,Gautam Bose,male,1987-05-13,Essential hypertension,architect,4
PAT-001704,Rashed Dewan,male,1951-04-01,none,tailor,4
PAT-001705,Rupa Mahmud,female,1979-11-11,none,lawyer,4
PAT-001706,Kamal Karim,male,1949-12-18,Type 2 diabetes mellitus,retired civil servant,4
PAT-001707,Abdul Uddin,male,1968-09-07,Bronchial asthma,garment factory worker,3
PAT-001708,Mehnaz Khan,female,1979-01-04,Essential hypertension,fisherman,4
PAT-001709,Harun Kabir,male,1994-08-18,none,farmer,5
PAT-001710,Riad Mollah,male,2005-05-17,none,office cleaner,3
PAT-001711,Rahim Karim,male,1956-06-25,none,madrasa teacher,3
PAT-001712,Rashid Awal,male,1994-02-28,none,photographer,3
PAT-001713,Nayeem Ahmed,male,1985-09-18,none,journalist,6
PAT-001714,Jui Miah,female,1972-09-28,none,tailor,4
PAT-001715,Tahsin Miah,female,1974-11-16,Hypothyroidism,lawyer,4
PAT-001716,Shakil Dewan,male,1964-01-02,Type 2 diabetes mellitus,architect,4
PAT-001717,Tuhin Sarkar,male,1980-10-09,none,architect,5
PAT-001718,Dipak Mitra,male,1947-03-18,none,retired civil servant,3
PAT-001719,Farhan Gazi,male,1980-06-18,none,schoolteacher,6
PAT-001720,Faruk Dewan,male,1950-09-16,none,farmer,4
PAT-001721,Iffat Sikder,female,1961-05-18,Bronchial asthma,shopkeeper,4
PAT-001722,Jui Sikder,female,1970-08-19,none,electrician,3
PAT-001723,Jahid Gazi,male,1949-05-31,Hypothyroidism,homemaker,4
PAT-001724,Shapla Pramanik,female,1961-03-31,none,farmer,5
PAT-001725,Karim Kabir,male,1987-05-19,none,bus driver,3
PAT-001726,Rina Roy,female,1953-02-26,none,madrasa teacher,4
PAT-001727,Wasim Munshi,male,1950-12-26,Bronchial asthma,homemaker,6
PAT-001728,Popy Bepari,female,1985-04-01,Essential hypertension,mobile phone repair technician,4
PAT-001729,Jamal Sikder,male,1980-07-17,none,beautician,5
PAT-001730,Lamia Faruque,female,1949-03-15,none,farmer,4
PAT-001731,Mamun Rahman,male,1995-07-22,none,tailor,3
PAT-001732,Ehsan Dewan,male,1960-03-28,Hypothyroidism,madrasa teacher,5
PAT-001733,Jannat Ahmed,female,1975-05-06,none,restaurant cook,5
PAT-001734,Hasan Dewan,male,2005-11-08,Bronchial asthma,shopkeeper,3
PAT-001735,Arif Uddin,male,1963-05-23,none,hotel receptionist,5
PAT-001736,Bushra Mondal,female,1966-01-18,Type 2 diabetes mellitus,schoolteacher,4
PAT-001737,Rakib Miah,male,1980-09-19,Hypothyroidism,pharmacist,4
PAT-001738,Rahim Pramanik,male,1988-09-12,Hypothyroidism,garment factory worker,3
PAT-001739,Habiba Mondal,female,1995-07-01,none,cricket coach,3
PAT-001740,Shahidul Hasan,male,1986-06-24,none,electrician,7
PAT-001741,Asif Faruque,male,1958-01-21,none,madrasa teacher,3
PAT-001742,Mahbub Chowdhury,male,1967-10-16,none,textile engineer,3
PAT-001743,Bithi Ghosh,female,1985-08-19,none,garment factory worker,4
PAT-001744,Dipak Ghosh,male,1974-05-19,none,nurse,4
PAT-001745,Tuhin Kabir,male,1952-08-06,none,homemaker,3
PAT-001746,Jamal Kabir,male,1989-04-14,none,madrasa teacher,4
PAT-001747,Riad Islam,male,1948-08-08,none,madrasa teacher,3
PAT-001748,Sabbir Mahmud,male,1969-09-28,none,pharmacist,3
PAT-001749,Habiba Sarkar,female,1972-10-06,none,restaurant cook,6
PAT-001750,Rubel Haque,male,1946-05-08,Hypothyroidism,madrasa teacher,4
PAT-001751,Morium Talukder,female,1987-03-20,Type 2 diabetes mellitus,farmer,3
PAT-001752,Puja Ghosh,female,1985-03-05,none,NGO field officer,5
PAT-001753,Zahid Howlader,male,1973-06-29,none,fisherman,4
PAT-001754,Saiful Haque,male,1981-02-08,Essential hypertension,architect,3
PAT-001755,Marium Sikder,female,1950-02-14,Essential hypertension,homemaker,6
PAT-001756,Shapla Hasan,female,1966-09-21,none,textile engineer,3
PAT-001757,Papiya Mitra,female,1957-10-30,Essential hypertension,retired civil servant,3
PAT-001758,Jamal Sarkar,male,1975-06-12,Essential hypertension,cricket coach,3
PAT-001759,Rahima Faruque,female,1990-10-25,none,graphic designer,4
PAT-001760,Iffat Shikder,female,1959-08-28,none,madrasa teacher,4
PAT-001761,Marium Pramanik,female,1948-09-04,Type 2 diabetes mellitus,tailor,6
PAT-001762,Tasnim Miah,female,1965-04-07,none,shopkeeper,5
PAT-001763,Mahbub Islam,male,1960-11-03,Essential hypertension,farmer,4
PAT-001764,Farida Mollah,female,1992-09-28,Hypothyroidism,journalist,4
PAT-001765,Jannat Begum,female,1949-07-17,Type 2 diabetes mellitus,shopkeeper,4
PAT-001766,Rozina Begum,female,1945-08-27,Type 2 diabetes mellitus,homemaker,4
PAT-001767,Rekha Mondol,female,1996-12-13,none,lawyer,5
PAT-001768,Rezaul Bepari,male,1977-07-21,none,fisherman,3
PAT-001769,Mahfuz Gazi,male,1954-07-27,none,farmer,3
PAT-001770,Ishrat Gazi,female,1958-01-25,Type 2 diabetes mellitus,homemaker,3
PAT-001771,Kulsum Sultana,female,2002-06-03,Bronchial asthma,beautician,3
PAT-001772,Ziaur Sarkar,male,1983-05-16,Hypothyroidism,madrasa teacher,5
PAT-001773,Sajjad Matubbar,male,2002-06-11,none,photographer,5
PAT-001774,Sultana Sikder,female,1965-05-12,Type 2 diabetes mellitus,garment factory worker,5
PAT-001775,Nargis Sarkar,female,1981-07-14,Hypothyroidism,mobile phone repair technician,6
PAT-001776,Faruk Matubbar,male,1994-11-05,Essential hypertension,security guard,3
PAT-001777,Shathi Haque,female,1967-12-22,Bronchial asthma,textile engineer,5
PAT-001778,Nayeem Sikder,male,1975-08-02,none,restaurant cook,4
PAT-001779,Tasnim Majumder,female,1992-09-14,none,madrasa teacher,3
PAT-001780,Shakil Patwary,male,1977-03-09,none,restaurant cook,4
PAT-001781,Tania Matubbar,female,1961-12-09,none,homemaker,5
PAT-001782,Lamia Rahman,female,2003-10-10,none,homemaker,5
PAT-001783,Faruk Uddin,male,1950-06-22,none,homemaker,3
PAT-001784,Nazmul Haque,male,1960-11-29,none,homemaker,5
PAT-001785,Mostafa Awal,male,1979-04-09,Hypothyroidism,NGO field officer,5
PAT-001786,Farhan Mahmud,male,1971-07-04,Essential hypertension,journalist,5
PAT-001787,Tasnim Haque,female,1981-12-01,Essential hypertension,rickshaw puller,4
PAT-001788,Shahana Mondal,female,1954-09-13,Hypothyroidism,shopkeeper,4
PAT-001789,Rahim Bhuiyan,male,1987-02-22,none,mobile phone repair technician,3
PAT-001790,Tania Khatun,female,1947-06-27,none,shopkeeper,3
PAT-001791,Rumana Munshi,female,1973-12-20,Bronchial asthma,bank officer,4
PAT-001792,Rumana Sultana,female,1953-06-28,Bronchial asthma,farmer,5
PAT-001793,Monir Matubbar,male,1979-04-23,none,accountant,4
PAT-001794,Rokeya Sultana,female,1947-05-14,Bronchial asthma,retired civil servant,6
PAT-001795,Liton Howlader,male,1987-11-08,none,tailor,3
PAT-001796,Masud Matubbar,male,1966-05-23,Essential hypertension,nurse,5
PAT-001797,Ehsan Ahmed,male,1958-09-15,none,madrasa teacher,4
PAT-001798,Sajjad Siddique,male,1989-01-04,Essential hypertension,madrasa teacher,4
PAT-001799,Abul Mollah,male,1967-11-04,Hypothyroidism,bank officer,5
PAT-001800,Selim Khan,male,1956-01-27,none,farmer,4
PAT-001801,Aminul Alam,male,1999-04-09,none,office cleaner,3
PAT-001802,Zahid Bhuiyan,male,1981-09-26,Type 2 diabetes mellitus,CNG auto-rickshaw driver,5
PAT-001803,Uttam Chakraborty,male,1965-10-05,none,architect,5
PAT-001804,Zahid Alam,male,1970-01-31,none,cricket coach,7
PAT-001805,Obaidul Rahman,male,1954-04-13,Essential hypertension,farmer,3
PAT-001806,Krishna Nath,female,1983-02-24,Essential hypertension,garment merchandiser,3
PAT-001807,Rezaul Talukder,male,1971-06-20,none,architect,4
PAT-001808,Sakib Shikder,male,1985-12-07,Essential hypertension,journalist,3
PAT-001809,Shamima Faruque,female,1996-02-23,Type 2 diabetes mellitus,hotel receptionist,5
PAT-001810,Jui Patwary,female,1972-03-18,Bronchial asthma,bus driver,6
PAT-001811,Saad Siddique,male,1952-05-13,Type 2 diabetes mellitus,shopkeeper,4
PAT-001812,Hafsa Alam,female,1949-09-28,none,farmer,4
PAT-001813,Shamim Pramanik,male,1963-08-17,none,architect,5
PAT-001814,Sadia Gazi,female,1992-12-25,Bronchial asthma,architect,5
PAT-001815,Tapan Nath,male,1994-08-18,none,nurse,4
PAT-001816,Tanvir Howlader,male,1959-07-30,none,retired civil servant,6
PAT-001817,Rezaul Awal,male,1946-06-03,none,homemaker,4
PAT-001818,Karim Rahman,male,1962-11-12,none,photographer,4
PAT-001819,Popy Gazi,female,1947-05-31,none,tailor,5
PAT-001820,Hasina Pramanik,female,1967-05-24,Hypothyroidism,security guard,3
PAT-001821,Zakia Hossain,female,1973-04-21,Hypothyroidism,architect,4
PAT-001822,Sadia Alam,female,1961-01-12,none,madrasa teacher,4
PAT-001823,Arafat Uddin,male,1971-07-13,none,software developer,4
PAT-001824,Asif Sikder,male,1955-07-20,none,farmer,6
PAT-001825,Obaidul Alam,male,1983-07-27,none,hotel receptionist,4
PAT-001826,Ibrahim Gazi,male,1971-07-07,none,beautician,6
PAT-001827,Sadia Begum,female,1973-11-19,none,sales representative,3
PAT-001828,Ayesha Sikder,female,1997-04-21,none,bus driver,4
PAT-001829,Liton Mollah,male,1945-10-18,Essential hypertension,homemaker,4
PAT-001830,Tariq Ahmed,male,1981-01-20,Essential hypertension,mobile phone repair technician,5
PAT-001831,Sajjad Bepari,male,1950-02-04,none,madrasa teacher,5
PAT-001832,Nabila Haque,female,1984-10-28,Bronchial asthma,farmer,5
PAT-001833,Hasan Sheikh,male,1958-02-25,Bronchial asthma,shopkeeper,4
PAT-001834,Hossain Gazi,male,2004-03-13,none,security guard,6
PAT-001835,Dalia Bhuiyan,female,1948-11-12,none,farmer,3
PAT-001836,Tanvir Haque,male,1978-03-05,Type 2 diabetes mellitus,homemaker,6
PAT-001837,Sanjida Faruque,female,1957-10-30,Hypothyroidism,retired civil servant,6
PAT-001838,Farzana Ahmed,female,1974-02-25,none,schoolteacher,3
PAT-001839,Babul Akand,male,1982-05-30,Bronchial asthma,garment factory worker,6
PAT-001840,Fahim Matubbar,male,2003-01-02,none,beautician,8
PAT-001841,Jewel Bepari,male,2001-05-18,none,farmer,3
PAT-001842,Gautam Das,male,1985-02-16,none,beautician,3
PAT-001843,Tapan Biswas,male,1966-07-26,none,shopkeeper,7
PAT-001844,Habib Pramanik,male,1957-08-21,none,shopkeeper,3
PAT-001845,Orin Sikder,female,1956-12-07,Hypothyroidism,shopkeeper,5
PAT-001846,Rashid Miah,male,2005-09-23,Hypothyroidism,photographer,4
PAT-001847,Samira Sheikh,female,1992-06-22,Essential hypertension,journalist,3
PAT-001848,Rafiq Shikder,male,1964-02-24,none,photographer,4
PAT-001849,Nasima Faruque,female,1978-08-29,none,lawyer,4
PAT-001850,Sakib Dewan,male,1990-07-28,none,madrasa teacher,3
PAT-001851,Nargis Akand,female,1964-02-11,Hypothyroidism,software developer,4
PAT-001852,Obaidul Mondal,male,1970-10-04,none,lawyer,4
PAT-001853,Liton Awal,male,2000-06-23,Hypothyroidism,security guard,5
PAT-001854,Hossain Siddique,male,1945-09-06,none,shopkeeper,4
PAT-001855,Dalia Talukder,female,1970-03-08,Type 2 diabetes mellitus,call centre agent,7
PAT-001856,Popy Talukder,female,1960-09-26,none,shopkeeper,5
PAT-001857,Mamun Majumder,male,2001-09-07,Type 2 diabetes mellitus,CNG auto-rickshaw driver,4
PAT-001858,Ashraf Talukder,male,1955-09-29,Essential hypertension,retired civil servant,3
PAT-001859,Bikash Paul,male,1944-12-15,Hypothyroidism,retired civil servant,3
PAT-001860,Jesmin Patwary,female,1960-09-10,Essential hypertension,madrasa teacher,6
PAT-001861,Abdul Mollah,male,1950-10-28,none,retired civil servant,3
PAT-001862,Iffat Awal,female,1990-03-13,none,garment merchandiser,3
PAT-001863,Salma Majumder,female,1988-06-14,none,schoolteacher,3
PAT-001864,Hasan Kabir,male,2003-03-06,none,police constable,5
PAT-001865,Monir Uddin,male,1986-11-22,none,delivery rider,3
PAT-001866,Bithi Chakraborty,female,1962-09-30,Hypothyroidism,madrasa teacher,3
PAT-001867,Dilruba Munshi,female,1962-04-06,none,tailor,4
PAT-001868,Wasim Gazi,male,1948-10-28,Essential hypertension,tailor,7
PAT-001869,Habib Bepari,male,1980-08-02,none,beautician,5
PAT-001870,Parvez Uddin,male,1949-08-01,Type 2 diabetes mellitus,retired civil servant,3
PAT-001871,Hasina Khan,female,1979-07-30,none,police constable,6
PAT-001872,Emon Islam,male,1990-08-11,Type 2 diabetes mellitus,CNG auto-rickshaw driver,6
PAT-001873,Nurul Shikder,male,1966-05-15,Bronchial asthma,photographer,3
PAT-001874,Yusuf Dewan,male,1977-04-12,none,cricket coach,5
PAT-001875,Mamun Sikder,male,1988-10-07,none,security guard,4
PAT-001876,Popy Pramanik,female,1960-03-05,Essential hypertension,homemaker,3
PAT-001877,Jewel Chowdhury,male,1983-04-12,none,bank officer,3
PAT-001878,Emon Munshi,male,1948-11-06,none,farmer,4
PAT-001879,Hafsa Miah,female,1976-06-08,none,mobile phone repair technician,4
PAT-001880,Orin Khatun,female,1972-12-29,none,electrician,3
PAT-001881,Yusuf Gazi,male,1983-11-08,Bronchial asthma,construction worker,6
PAT-001882,Habiba Uddin,female,2000-09-21,Essential hypertension,madrasa teacher,5
PAT-001883,Hossain Faruque,male,1955-12-07,none,retired civil servant,3
PAT-001884,Arifa Rahman,female,2002-10-06,Essential hypertension,rickshaw puller,3
PAT-001885,Sharmin Bhuiyan,female,1997-08-18,none,tailor,3
PAT-001886,Rabeya Siddique,female,1979-09-03,Hypothyroidism,cricket coach,5
PAT-001887,Tuhin Talukder,male,1947-12-25,none,homemaker,4
PAT-001888,Jhuma Dey,female,1972-06-23,Type 2 diabetes mellitus,electrician,6
PAT-001889,Tamim Hossain,male,1950-09-17,none,madrasa teacher,4
PAT-001890,Masud Bepari,male,1983-11-17,none,madrasa teacher,4
PAT-001891,Rahima Hasan,female,1983-02-01,Essential hypertension,hotel receptionist,4
PAT-001892,Afsana Sultana,female,1995-08-29,none,police constable,3
PAT-001893,Laila Uddin,female,1956-03-25,none,homemaker,4
PAT-001894,Parvez Majumder,male,1984-02-20,none,fisherman,4
PAT-001895,Hafiz Awal,male,1992-12-23,Hypothyroidism,garment merchandiser,4
PAT-001896,Saad Dewan,male,1996-01-22,Type 2 diabetes mellitus,ride-share driver,6
PAT-001897,Shyamal Halder,male,1976-11-07,none,graphic designer,5
PAT-001898,Rupa Rahman,female,1965-01-20,Hypothyroidism,CNG auto-rickshaw driver,5
PAT-001899,Nazmul Mahmud,male,1969-07-17,none,bank officer,3
PAT-001900,Hafsa Haque,female,1969-07-13,none,farmer,6
PAT-001901,Khadija Shikder,female,1992-12-16,none,hotel receptionist,8
PAT-001902,Amit Chakraborty,male,1945-02-08,none,homemaker,2
PAT-001903,Asif Matubbar,male,1958-12-04,Hypothyroidism,madrasa teacher,3
PAT-001904,Rashid Karim,male,1986-02-19,none,garment factory worker,3
PAT-001905,Iffat Karim,female,1947-07-29,Essential hypertension,retired civil servant,4
PAT-001906,Rozina Haque,female,1957-08-02,Hypothyroidism,madrasa teacher,3
PAT-001907,Mostafa Hossain,male,1959-03-26,Bronchial asthma,shopkeeper,3
PAT-001908,Eva Dewan,female,1977-06-01,Bronchial asthma,hotel receptionist,3
PAT-001909,Masud Pramanik,male,1973-04-25,none,rickshaw puller,6
PAT-001910,Shamima Hossain,female,1960-09-03,Bronchial asthma,homemaker,3
PAT-001911,Riad Talukder,male,1967-07-16,Essential hypertension,construction worker,6
PAT-001912,Nayeem Mondal,male,1957-09-10,none,farmer,5
PAT-001913,Lamia Munshi,female,1978-11-28,none,hotel receptionist,8
PAT-001914,Masud Sheikh,male,1961-11-14,Type 2 diabetes mellitus,homemaker,6
PAT-001915,Sanjida Mahmud,female,1999-09-30,Essential hypertension,police constable,4
PAT-001916,Ashraf Molla,male,1983-05-17,none,graphic designer,4
PAT-001917,Kanai Kundu,male,1962-05-23,none,madrasa teacher,6
PAT-001918,Sadia Molla,female,1972-07-12,Bronchial asthma,journalist,5
PAT-001919,Rupali Mitra,female,1956-12-28,none,retired civil servant,6
PAT-001920,Marium Awal,female,1955-05-15,none,tailor,4
PAT-001921,Shahidul Haque,male,1983-09-15,none,police constable,5
PAT-001922,Parvin Munshi,female,2003-07-05,Essential hypertension,journalist,4
PAT-001923,Parvez Ahmed,male,1976-07-22,none,graphic designer,6
PAT-001924,Mizanur Sarkar,male,1979-01-03,Hypothyroidism,nurse,4
PAT-001925,Imtiaz Awal,male,1951-04-20,Hypothyroidism,shopkeeper,4
PAT-001926,Kamal Alam,male,1970-05-18,Type 2 diabetes mellitus,software developer,5
PAT-001927,Shafiq Bepari,male,1954-01-22,none,homemaker,4
PAT-001928,Sanjida Bhuiyan,female,1985-12-20,none,cricket coach,5
PAT-001929,Shampa Saha,female,1969-10-30,Type 2 diabetes mellitus,pharmacist,3
PAT-001930,Mitu Sheikh,female,1948-05-21,Bronchial asthma,farmer,3
PAT-001931,Salma Bepari,female,1950-10-04,none,homemaker,4
PAT-001932,Taslima Patwary,female,1966-10-29,Type 2 diabetes mellitus,shopkeeper,6
PAT-001933,Kawsar Akand,male,1983-07-15,Type 2 diabetes mellitus,fisherman,5
PAT-001934,Sharmin Bepari,female,1976-08-28,none,office cleaner,4
PAT-001935,Sakib Kabir,male,1980-10-18,none,schoolteacher,3
PAT-001936,Tariq Uddin,male,1976-09-22,none,tailor,4
PAT-001937,Habib Khan,male,1994-03-11,none,sales representative,3
PAT-001938,Mehnaz Rahman,female,1956-04-09,none,retired civil servant,3
PAT-001939,Sohel Akand,male,1969-09-16,none,accountant,3
PAT-001940,Rashid Chowdhury,male,1970-08-21,none,homemaker,4
PAT-001941,Fariha Mollah,female,1998-05-14,none,office cleaner,3
PAT-001942,Saad Uddin,male,1986-06-01,none,cricket coach,7
PAT-001943,Sultana Matubbar,female,2001-08-25,none,electrician,3
PAT-001944,Sraboni Roy,female,1954-11-01,none,retired civil servant,3
PAT-001945,Yusuf Howlader,male,1966-01-29,Type 2 diabetes mellitus,bus driver,3
PAT-001946,Tamanna Matubbar,female,1975-04-01,none,NGO field officer,3
PAT-001947,Mostafa Sarkar,male,1999-11-13,none,photographer,4
PAT-001948,Sadia Hossain,female,1966-06-13,none,accountant,7
PAT-001949,Tuhin Munshi,male,1948-01-09,Bronchial asthma,retired civil servant,5
PAT-001950,Priya Sen,female,1945-01-05,none,shopkeeper,4
PAT-001951,Biplob Chakraborty,male,1997-02-12,none,bank officer,3
PAT-001952,Saiful Munshi,male,1977-12-18,none,call centre agent,6
PAT-001953,Manik Dey,male,1972-11-15,Bronchial asthma,security guard,5
PAT-001954,Nadia Sikder,female,1998-09-21,Type 2 diabetes mellitus,garment merchandiser,4
PAT-001955,Jubayer Haque,male,1965-08-03,none,tailor,4
PAT-001956,Tahsin Mondal,female,1960-12-17,Type 2 diabetes mellitus,farmer,3
PAT-001957,Tariq Karim,male,1954-12-11,Essential hypertension,shopkeeper,3
PAT-001958,Mahfuz Mollah,male,1987-01-01,Type 2 diabetes mellitus,architect,7
PAT-001959,Iffat Alam,female,1970-12-22,Type 2 diabetes mellitus,farmer,6
PAT-001960,Kamal Dewan,male,1994-04-30,Type 2 diabetes mellitus,garment factory worker,4
PAT-001961,Rokeya Akter,female,1994-04-25,none,graphic designer,4
PAT-001962,Masud Gazi,male,1966-05-08,none,garment merchandiser,5
PAT-001963,Mahbub Faruque,male,1971-06-14,none,cricket coach,4
PAT-001964,Shathi Mollah,female,1977-01-05,none,fisherman,4
PAT-001965,Arifa Majumder,female,1988-05-13,none,NGO field officer,6
PAT-001966,Jannatul Haque,female,1949-10-21,none,homemaker,5
PAT-001967,Bushra Sultana,female,2002-05-04,Essential hypertension,textile engineer,4
PAT-001968,Jewel Sheikh,male,1986-09-01,none,journalist,3
PAT-001969,Puja Bhattacharya,female,1978-12-21,none,beautician,3
PAT-001970,Shapla Sultana,female,1963-07-24,none,restaurant cook,4
PAT-001971,Dipali Mitra,female,1948-12-19,none,madrasa teacher,3
PAT-001972,Parvin Dewan,female,1974-08-26,none,sales representative,6
PAT-001973,Tuhin Islam,male,1955-01-21,none,retired civil servant,6
PAT-001974,Iffat Sultana,female,2005-07-11,none,restaurant cook,7
PAT-001975,Popy Dewan,female,1965-04-03,none,graphic designer,3
PAT-001976,Parvin Karim,female,1974-04-27,Bronchial asthma,restaurant cook,4
PAT-001977,Tahsin Munshi,female,1955-01-28,Bronchial asthma,retired civil servant,3
PAT-001978,Rashid Hossain,male,1981-05-16,none,nurse,3
PAT-001979,Nazma Hossain,female,1961-12-30,none,farmer,6
PAT-001980,Sohel Uddin,male,1978-10-25,none,garment merchandiser,4
PAT-001981,Sohel Shikder,male,1987-01-09,none,police constable,4
PAT-001982,Sajjad Munshi,male,1977-10-29,none,CNG auto-rickshaw driver,5
PAT-001983,Mahmuda Sarkar,female,1954-01-05,none,tailor,3
PAT-001984,Jewel Gazi,male,1956-10-05,none,shopkeeper,3
PAT-001985,Sanjay Bhattacharya,male,1982-01-15,none,office cleaner,8
PAT-001986,Shathi Alam,female,1971-10-27,none,construction worker,3
PAT-001987,Jewel Mahmud,male,1996-08-17,Essential hypertension,fisherman,4
PAT-001988,Rabeya Faruque,female,1997-11-25,Essential hypertension,madrasa teacher,6
PAT-001989,Arifa Mondal,female,1981-10-09,none,office cleaner,3
PAT-001990,Hasan Matubbar,male,1983-06-28,none,CNG auto-rickshaw driver,5
PAT-001991,Harun Shikder,male,1953-01-26,Type 2 diabetes mellitus,homemaker,4
PAT-001992,Khadija Gazi,female,1970-02-28,none,pharmacist,3
PAT-001993,Zakia Haque,female,1987-11-07,none,beautician,4
PAT-001994,Popy Mollah,female,1969-04-08,Essential hypertension,accountant,5
PAT-001995,Mitu Pramanik,female,1958-06-06,none,farmer,4
PAT-001996,Taslima Karim,female,1976-10-17,none,call centre agent,4
PAT-001997,Mahmuda Miah,female,2004-11-12,Bronchial asthma,bus driver,5
PAT-001998,Selim Sikder,male,1961-02-18,none,homemaker,3
PAT-001999,Rumana Majumder,female,1993-12-13,none,electrician,3
PAT-002000,Laila Hasan,female,1998-02-05,none,tailor,5
PAT-002001,Tushar Sarkar,male,1996-12-05,Bronchial asthma,fisherman,5
PAT-002002,Tamanna Uddin,female,1996-02-04,none,restaurant cook,7
PAT-002003,Nupur Paul,female,1981-06-16,Type 2 diabetes mellitus,graphic designer,3
PAT-002004,Babul Gazi,male,1995-08-18,none,beautician,3
PAT-002005,Emon Ahmed,male,2000-05-20,Hypothyroidism,nurse,3
PAT-002006,Mitu Hossain,female,1996-11-18,Bronchial asthma,electrician,3
PAT-002007,Wasim Awal,male,1991-02-08,none,shopkeeper,4
PAT-002008,Dipak Mondol,male,1977-03-13,none,restaurant cook,3
PAT-002009,Rashed Chowdhury,male,1980-04-17,Type 2 diabetes mellitus,journalist,6
PAT-002010,Fariha Haque,female,1993-11-08,Type 2 diabetes mellitus,garment factory worker,3
PAT-002011,Bushra Mahmud,female,1974-08-28,Bronchial asthma,beautician,4
PAT-002012,Ashraf Akand,male,1995-10-28,Bronchial asthma,delivery rider,4
PAT-002013,Kulsum Dewan,female,1987-07-14,Bronchial asthma,sales representative,4
PAT-002014,Rupa Akand,female,1965-10-30,Essential hypertension,restaurant cook,3
PAT-002015,Orin Hossain,female,1954-07-20,Hypothyroidism,retired civil servant,5
PAT-002016,Farida Hossain,female,1985-09-23,Bronchial asthma,delivery rider,5
PAT-002017,Sanjida Chowdhury,female,1992-04-04,Hypothyroidism,lawyer,5
PAT-002018,Rina Dey,female,1974-01-15,Essential hypertension,textile engineer,7
PAT-002019,Nurul Molla,male,1960-01-13,none,tailor,5
PAT-002020,Sabbir Faruque,male,1960-12-04,none,tailor,4
PAT-002021,Nusrat Munshi,female,1952-09-01,Essential hypertension,farmer,3
PAT-002022,Nazmul Alam,male,1992-12-04,none,delivery rider,5
PAT-002023,Shathi Miah,female,1951-06-09,Type 2 diabetes mellitus,madrasa teacher,4
PAT-002024,Kawsar Siddique,male,2004-01-04,Bronchial asthma,fisherman,4
PAT-002025,Hafsa Talukder,female,2000-07-31,none,electrician,5
PAT-002026,Obaidul Molla,male,1979-05-31,Hypothyroidism,journalist,4
PAT-002027,Amit Biswas,male,1962-03-07,none,homemaker,4
PAT-002028,Nurul Kabir,male,1958-08-06,Type 2 diabetes mellitus,retired civil servant,3
PAT-002029,Salma Ahmed,female,1950-12-20,none,homemaker,4
PAT-002030,Bilkis Akter,female,2002-05-18,none,office cleaner,4
PAT-002031,Tasnim Sikder,female,2006-01-20,Essential hypertension,delivery rider,6
PAT-002032,Kulsum Rahman,female,1996-02-05,none,sales representative,3
PAT-002033,Parvez Sikder,male,2006-03-03,none,shopkeeper,5
PAT-002034,Sakib Islam,male,2001-01-12,Bronchial asthma,security guard,3
PAT-002035,Marium Howlader,female,1998-03-04,none,journalist,3
PAT-002036,Shamim Miah,male,2002-09-13,Hypothyroidism,garment factory worker,4
PAT-002037,Habib Karim,male,1965-06-10,none,retired civil servant,5
PAT-002038,Dilruba Akand,female,1991-02-24,none,pharmacist,3
PAT-002039,Tania Dewan,female,1948-11-15,none,tailor,3
PAT-002040,Faruk Hasan,male,1978-04-04,none,sales representative,3
PAT-002041,Hafsa Dewan,female,1952-09-12,none,tailor,7
PAT-002042,Rahima Bepari,female,1953-07-15,none,madrasa teacher,6
PAT-002043,Mahmuda Awal,female,1994-08-04,none,security guard,6
PAT-002044,Ishrat Faruque,female,1961-11-24,none,tailor,4
PAT-002045,Jahid Uddin,male,1982-09-02,none,software developer,4
PAT-002046,Iffat Dewan,female,1982-03-21,none,pharmacist,4
PAT-002047,Sadia Dewan,female,1964-11-13,Bronchial asthma,shopkeeper,7
PAT-002048,Rakib Pramanik,male,1985-11-20,none,photographer,3
PAT-002049,Tuhin Bepari,male,1954-03-14,none,retired civil servant,4
PAT-002050,Shamima Awal,female,1951-08-31,none,farmer,4
PAT-002051,Tuhin Matubbar,male,1948-11-12,Essential hypertension,retired civil servant,4
PAT-002052,Rupa Molla,female,2004-07-08,Hypothyroidism,security guard,4
PAT-002053,Nupur Saha,female,1965-10-21,none,bus driver,3
PAT-002054,Popy Awal,female,1947-12-01,none,homemaker,5
PAT-002055,Khadija Dewan,female,1975-09-04,none,lawyer,7
PAT-002056,Marium Gazi,female,1995-05-16,Type 2 diabetes mellitus,cricket coach,3
PAT-002057,Nazmul Molla,male,1997-01-07,none,photographer,3
PAT-002058,Bushra Sikder,female,1968-03-26,none,homemaker,5
PAT-002059,Rakib Sarkar,male,1987-02-03,none,fisherman,3
PAT-002060,Parvez Akand,male,1997-12-05,none,cricket coach,6
PAT-002061,Debashis Halder,male,1974-04-27,none,bus driver,4
PAT-002062,Mahmuda Haque,female,1964-06-26,none,electrician,3
PAT-002063,Rashed Ahmed,male,1996-01-18,none,garment merchandiser,4
PAT-002064,Faruk Munshi,male,1968-05-05,none,farmer,5
PAT-002065,Tahsin Uddin,female,1994-12-24,none,architect,6
PAT-002066,Kulsum Alam,female,1985-09-18,none,tailor,5
PAT-002067,Kawsar Molla,male,1981-07-13,none,accountant,4
PAT-002068,Jahid Khan,male,1964-11-18,Bronchial asthma,farmer,4
PAT-002069,Puja Mitra,female,1961-09-14,Essential hypertension,shopkeeper,4
PAT-002070,Shafiq Bhuiyan,male,1958-05-08,none,madrasa teacher,3
PAT-002071,Harun Munshi,male,1967-09-02,Bronchial asthma,shopkeeper,7
PAT-002072,Mahmuda Khatun,female,1980-06-30,none,hotel receptionist,3
PAT-002073,Lipi Howlader,female,1998-12-09,Hypothyroidism,photographer,3
PAT-002074,Ruma Kabir,female,1979-03-08,none,textile engineer,4
PAT-002075,Fahim Islam,male,1963-06-27,Bronchial asthma,garment merchandiser,4
PAT-002076,Afsana Khatun,female,1972-12-18,none,bank officer,6
PAT-002077,Jui Kabir,female,1980-07-22,none,textile engineer,5
PAT-002078,Asif Mollah,male,1959-06-11,Type 2 diabetes mellitus,homemaker,3
PAT-002079,Rakib Khan,male,1977-10-16,none,security guard,8
PAT-002080,Rashed Awal,male,1965-11-08,none,fisherman,4
PAT-002081,Emon Sheikh,male,1948-02-03,Bronchial asthma,farmer,4
PAT-002082,Jannatul Dewan,female,2000-04-23,none,sales representative,6
PAT-002083,Fariha Matubbar,female,1970-12-02,Essential hypertension,software developer,3
PAT-002084,Rahim Chowdhury,male,1977-04-18,none,shopkeeper,3
PAT-002085,Jesmin Sultana,female,1969-07-08,none,tailor,3
PAT-002086,Anwar Faruque,male,1996-07-31,none,delivery rider,4
PAT-002087,Mahiya Awal,female,2001-01-26,Essential hypertension,software developer,5
PAT-002088,Parvin Khatun,female,1992-07-18,Hypothyroidism,cricket coach,6
PAT-002089,Tanvir Mondal,male,1964-12-26,Type 2 diabetes mellitus,construction worker,3
PAT-002090,Farhan Khan,male,1974-07-15,none,beautician,4
PAT-002091,Parvin Alam,female,1998-09-25,Hypothyroidism,garment factory worker,3
PAT-002092,Nadia Akand,female,1967-03-08,none,beautician,7
PAT-002093,Farzana Hasan,female,2002-03-10,Bronchial asthma,cricket coach,4
PAT-002094,Hafiz Howlader,male,1984-07-02,Type 2 diabetes mellitus,call centre agent,4
PAT-002095,Bikash Nath,male,1950-07-16,Hypothyroidism,farmer,4
PAT-002096,Tania Majumder,female,1958-09-22,none,shopkeeper,3
PAT-002097,Nasima Sheikh,female,1958-07-11,none,retired civil servant,4
PAT-002098,Kawsar Talukder,male,1967-10-29,Type 2 diabetes mellitus,hotel receptionist,8
PAT-002099,Mitu Gazi,female,1990-01-01,none,lawyer,3
PAT-002100,Lipi Molla,female,1955-02-06,none,madrasa teacher,3
PAT-002101,Mitu Dewan,female,1951-04-16,none,homemaker,7
PAT-002102,Marium Karim,female,2001-07-12,Essential hypertension,madrasa teacher,4
PAT-002103,Hafiz Mollah,male,1980-07-12,none,NGO field officer,5
PAT-002104,Nabila Begum,female,1956-01-04,none,retired civil servant,4
PAT-002105,Saiful Howlader,male,1964-06-06,none,restaurant cook,5
PAT-002106,Fahim Shikder,male,1973-10-28,Hypothyroidism,ride-share driver,4
PAT-002107,Mahmuda Munshi,female,1993-04-18,none,police constable,5
PAT-002108,Golam Faruque,male,1951-12-03,none,madrasa teacher,4
PAT-002109,Amit Mondol,male,1999-11-21,none,photographer,3
PAT-002110,Asif Bepari,male,1997-02-16,none,mobile phone repair technician,4
PAT-002111,Dalia Sultana,female,1987-02-01,none,accountant,5
PAT-002112,Dilruba Mollah,female,1973-07-06,none,NGO field officer,6
PAT-002113,Chandana Nath,female,1959-11-02,Bronchial asthma,homemaker,6
PAT-002114,Shakil Majumder,male,1988-04-27,none,mobile phone repair technician,3
PAT-002115,Mahiya Talukder,female,1944-12-12,Type 2 diabetes mellitus,retired civil servant,3
PAT-002116,Sanjida Hasan,female,1971-10-21,none,police constable,4
PAT-002117,Marium Khan,female,1947-05-22,none,shopkeeper,6
PAT-002118,Tania Bhuiyan,female,1984-10-14,none,fisherman,4
PAT-002119,Orin Hasan,female,2003-12-11,none,shopkeeper,4
PAT-002120,Gautam Bhattacharya,male,1988-06-16,none,graphic designer,5
PAT-002121,Fariha Talukder,female,1960-10-08,Essential hypertension,retired civil servant,3
PAT-002122,Mahfuz Sarkar,male,2003-02-21,none,university student,4
PAT-002123,Mamun Mondal,male,1989-02-11,Hypothyroidism,construction worker,3
PAT-002124,Ziaur Dewan,male,1964-11-12,none,CNG auto-rickshaw driver,7
PAT-002125,Eva Mollah,female,1961-11-17,none,madrasa teacher,3
PAT-002126,Nurul Sheikh,male,1993-01-31,none,construction worker,5
PAT-002127,Wasim Howlader,male,1998-01-17,none,ride-share driver,5
PAT-002128,Gautam Mondol,male,1946-02-26,Bronchial asthma,homemaker,4
PAT-002129,Nargis Khan,female,1966-06-05,Bronchial asthma,shopkeeper,6
PAT-002130,Salma Akand,female,1988-11-16,none,garment factory worker,5
PAT-002131,Fahim Talukder,male,1957-07-09,none,tailor,4
PAT-002132,Riad Faruque,male,1999-12-16,none,graphic designer,3
PAT-002133,Tamim Howlader,male,1974-04-28,Bronchial asthma,journalist,3
PAT-002134,Saad Shikder,male,2001-11-16,Type 2 diabetes mellitus,accountant,3
PAT-002135,Hasan Khan,male,1956-06-07,Type 2 diabetes mellitus,farmer,4
PAT-002136,Mitu Talukder,female,1968-12-20,none,CNG auto-rickshaw driver,4
PAT-002137,Rubel Akand,male,1951-06-20,none,homemaker,3
PAT-002138,Shamim Sarkar,male,1973-07-27,Essential hypertension,police constable,3
PAT-002139,Karim Majumder,male,1978-04-04,none,architect,4
PAT-002140,Kulsum Chowdhury,female,2005-03-24,none,sales representative,3
PAT-002141,Zahid Khan,male,1984-10-11,none,delivery rider,4
PAT-002142,Jahid Islam,male,1984-09-17,none,ride-share driver,4
PAT-002143,Aminul Ahmed,male,1980-01-14,Type 2 diabetes mellitus,schoolteacher,5
PAT-002144,Ehsan Mahmud,male,1987-12-16,none,fisherman,4
PAT-002145,Bushra Akter,female,1945-09-21,none,farmer,4
PAT-002146,Asif Gazi,male,2003-06-27,Type 2 diabetes mellitus,software developer,7
PAT-002147,Iffat Khan,female,1961-08-18,Type 2 diabetes mellitus,retired civil servant,5
PAT-002148,Tariq Patwary,male,1984-01-15,none,architect,3
PAT-002149,Faruk Mollah,male,1999-02-14,none,delivery rider,4
PAT-002150,Farzana Karim,female,1997-10-03,Type 2 diabetes mellitus,office cleaner,6
PAT-002151,Shapla Alam,female,1967-01-01,Bronchial asthma,nurse,6
PAT-002152,Nupur Kundu,female,2001-07-22,none,CNG auto-rickshaw driver,7
PAT-002153,Rashid Uddin,male,1975-10-05,Hypothyroidism,photographer,4
PAT-002154,Hossain Chowdhury,male,1986-06-08,Essential hypertension,graphic designer,4
PAT-002155,Tushar Bhattacharya,male,1993-10-13,none,homemaker,6
PAT-002156,Tania Miah,female,1957-04-20,none,homemaker,3
PAT-002157,Tahsin Sikder,female,1973-10-20,none,mobile phone repair technician,6
PAT-002158,Rabeya Sarkar,female,2000-06-03,Type 2 diabetes mellitus,fisherman,3
PAT-002159,Sharmin Khan,female,2000-10-03,none,call centre agent,3
PAT-002160,Shathi Uddin,female,1997-01-23,none,graphic designer,5
PAT-002161,Arif Mahmud,male,1968-12-09,none,NGO field officer,5
PAT-002162,Mahmuda Dewan,female,1958-07-29,Essential hypertension,madrasa teacher,4
PAT-002163,Shakil Talukder,male,1993-12-24,none,architect,3
PAT-002164,Mita Das,female,2006-09-11,none,delivery rider,3
PAT-002165,Anwar Karim,male,1986-04-29,none,accountant,3
PAT-002166,Ruma Molla,female,2002-01-22,Type 2 diabetes mellitus,architect,3
PAT-002167,Hafiz Faruque,male,1950-12-21,none,farmer,3
PAT-002168,Sumitra Mondol,female,1954-02-05,Hypothyroidism,farmer,4
PAT-002169,Jannat Talukder,female,2003-12-04,none,mobile phone repair technician,5
PAT-002170,Jewel Hasan,male,2006-08-20,none,university student,6
PAT-002171,Ishrat Begum,female,1999-12-03,none,nurse,3
PAT-002172,Sabina Pramanik,female,1963-11-21,none,NGO field officer,3
PAT-002173,Nargis Gazi,female,1993-03-29,none,delivery rider,7
PAT-002174,Rupa Pramanik,female,1997-04-18,none,schoolteacher,4
PAT-002175,Prosenjit Roy,male,1992-11-19,none,nurse,3
PAT-002176,Rahima Munshi,female,1974-11-08,none,rickshaw puller,3
PAT-002177,Sumaiya Akand,female,1945-11-08,none,shopkeeper,3
PAT-002178,Popy Howlader,female,1999-11-01,none,ride-share driver,3
PAT-002179,Farhan Pramanik,male,1978-03-26,none,electrician,4
PAT-002180,Manik Halder,male,1977-12-03,Type 2 diabetes mellitus,restaurant cook,3
PAT-002181,Jubayer Mahmud,male,1957-08-25,none,farmer,4
PAT-002182,Sabina Matubbar,female,1960-05-25,none,homemaker,4
PAT-002183,Jhuma Sarkar,female,1977-09-06,none,bank officer,4
PAT-002184,Parvez Patwary,male,1990-08-31,Type 2 diabetes mellitus,construction worker,5
PAT-002185,Nadia Khatun,female,1961-04-25,none,retired civil servant,5
PAT-002186,Shamima Molla,female,1981-01-04,Type 2 diabetes mellitus,tailor,4
PAT-002187,Biplob Saha,male,1970-01-28,Hypothyroidism,garment merchandiser,4
PAT-002188,Monir Miah,male,1965-04-01,Hypothyroidism,schoolteacher,3
PAT-002189,Biplob Halder,male,1965-04-19,Essential hypertension,software developer,5
PAT-002190,Rahima Ahmed,female,1977-11-20,Type 2 diabetes mellitus,farmer,4
PAT-002191,Tamanna Khatun,female,1977-03-18,Type 2 diabetes mellitus,security guard,3
PAT-002192,Tuhin Hossain,male,2000-07-03,none,textile engineer,4
PAT-002193,Shahana Matubbar,female,1970-03-29,none,sales representative,4
PAT-002194,Tushar Paul,male,1987-05-02,none,ride-share driver,5
PAT-002195,Marium Mondal,female,2005-01-11,Type 2 diabetes mellitus,accountant,3
PAT-002196,Ziaur Karim,male,1964-04-13,none,construction worker,3
PAT-002197,Asif Sheikh,male,1994-08-03,Bronchial asthma,lawyer,5
PAT-002198,Ziaur Shikder,male,1957-11-13,none,retired civil servant,4
PAT-002199,Mahfuz Talukder,male,1981-05-18,Bronchial asthma,fisherman,5
PAT-002200,Jahid Kabir,male,1951-01-30,Bronchial asthma,shopkeeper,3
PAT-002201,Lipi Awal,female,1980-10-11,none,mobile phone repair technician,4
PAT-002202,Mehedi Faruque,male,1976-09-12,none,police constable,3
PAT-002203,Zakia Siddique,female,2000-08-01,Type 2 diabetes mellitus,software developer,4
PAT-002204,Shamima Mondal,female,1967-08-18,none,software developer,4
PAT-002205,Fariha Shikder,female,1950-04-08,none,madrasa teacher,4
PAT-002206,Jannatul Sultana,female,1976-05-22,none,bus driver,5
PAT-002207,Rehana Bhuiyan,female,2000-03-25,none,mobile phone repair technician,3
PAT-002208,Debashis Bhattacharya,male,1995-05-22,none,lawyer,6
PAT-002209,Tasnim Talukder,female,1979-04-10,none,delivery rider,6
PAT-002210,Imtiaz Patwary,male,1949-09-05,none,tailor,4
PAT-002211,Tania Awal,female,1946-06-07,Bronchial asthma,retired civil servant,3
PAT-002212,Nargis Ahmed,female,2005-06-30,none,homemaker,6
PAT-002213,Rahima Alam,female,2002-02-23,Type 2 diabetes mellitus,hotel receptionist,3
PAT-002214,Amit Datta,male,2002-03-16,none,sales representative,4
PAT-002215,Mizanur Bepari,male,1980-12-03,Type 2 diabetes mellitus,office cleaner,3
PAT-002216,Parvez Mollah,male,1952-12-10,Essential hypertension,tailor,4
PAT-002217,Rezaul Molla,male,1968-10-29,none,garment merchandiser,5
PAT-002218,Jubayer Matubbar,male,1963-11-10,Essential hypertension,construction worker,4
PAT-002219,Selim Patwary,male,1980-02-15,none,farmer,4
PAT-002220,Shafiq Ahmed,male,1982-07-20,none,construction worker,4
PAT-002221,Ziaur Siddique,male,1953-11-10,Type 2 diabetes mellitus,farmer,4
PAT-002222,Rahim Hasan,male,1993-11-17,Bronchial asthma,schoolteacher,5
PAT-002223,Ziaur Pramanik,male,1987-11-22,Bronchial asthma,police constable,4
PAT-002224,Mehedi Gazi,male,1992-09-01,none,ride-share driver,3
PAT-002225,Tasnim Awal,female,1976-01-12,none,textile engineer,4
PAT-002226,Champa Shikder,female,1993-01-15,none,homemaker,4
PAT-002227,Afsana Chowdhury,female,1995-12-02,none,software developer,6
PAT-002228,Nupur Das,female,1977-02-19,none,hotel receptionist,4
PAT-002229,Nazma Bhuiyan,female,1946-01-14,none,retired civil servant,3
PAT-002230,Shapla Sarkar,female,1955-07-22,none,madrasa teacher,5
PAT-002231,Priya Halder,female,1962-02-04,none,homemaker,7
PAT-002232,Marium Alam,female,1995-06-13,none,accountant,5
PAT-002233,Dalia Matubbar,female,1971-06-21,Type 2 diabetes mellitus,tailor,5
PAT-002234,Anwar Mondal,male,1950-11-07,none,tailor,5
PAT-002235,Tariq Shikder,male,1953-07-22,Type 2 diabetes mellitus,tailor,7
PAT-002236,Dilruba Matubbar,female,1957-06-14,Type 2 diabetes mellitus,madrasa teacher,4
PAT-002237,Sraboni Bhattacharya,female,1985-06-26,Type 2 diabetes mellitus,call centre agent,5
PAT-002238,Sharmin Mollah,female,1972-07-28,Bronchial asthma,garment factory worker,3
PAT-002239,Hasan Islam,male,1957-01-19,Bronchial asthma,farmer,3
PAT-002240,Abul Mahmud,male,1992-09-03,Essential hypertension,architect,4
PAT-002241,Rashed Hasan,male,1946-05-30,Type 2 diabetes mellitus,madrasa teacher,3
PAT-002242,Mahiya Alam,female,1970-01-12,none,call centre agent,5
PAT-002243,Ibrahim Siddique,male,1964-11-28,none,pharmacist,3
PAT-002244,Arafat Bepari,male,2005-11-15,Hypothyroidism,garment factory worker,3
PAT-002245,Rumana Miah,female,1978-03-01,none,mobile phone repair technician,7
PAT-002246,Kanai Bose,male,1966-12-20,none,delivery rider,4
PAT-002247,Shamim Karim,male,1950-01-13,Essential hypertension,shopkeeper,6
PAT-002248,Tasnim Siddique,female,1984-08-02,Bronchial asthma,CNG auto-rickshaw driver,3
PAT-002249,Rakib Howlader,male,1991-01-12,none,pharmacist,4
PAT-002250,Kawsar Patwary,male,1945-07-09,Essential hypertension,shopkeeper,3
PAT-002251,Habib Kabir,male,1961-09-22,Bronchial asthma,homemaker,4
PAT-002252,Emon Mondal,male,1952-01-14,Essential hypertension,farmer,7
PAT-002253,Rahim Patwary,male,1946-12-30,none,tailor,5
PAT-002254,Hafiz Ahmed,male,1980-12-14,Hypothyroidism,tailor,3
PAT-002255,Hasina Siddique,female,1996-06-27,Essential hypertension,police constable,7
PAT-002256,Rozina Siddique,female,1982-08-18,none,beautician,3
PAT-002257,Mehedi Chowdhury,male,2006-06-22,none,university student,3
PAT-002258,Aminul Matubbar,male,1952-03-20,none,shopkeeper,4
PAT-002259,Mahiya Haque,female,1963-12-24,none,graphic designer,4
PAT-002260,Laila Faruque,female,1977-03-30,none,madrasa teacher,6
PAT-002261,Shathi Mahmud,female,1945-02-25,Type 2 diabetes mellitus,shopkeeper,3
PAT-002262,Arifa Kabir,female,1982-07-24,Essential hypertension,accountant,5
PAT-002263,Riad Kabir,male,1960-09-08,Type 2 diabetes mellitus,homemaker,4
PAT-002264,Sadia Shikder,female,2004-04-05,Type 2 diabetes mellitus,photographer,3
PAT-002265,Nurul Matubbar,male,2004-02-29,Essential hypertension,bus driver,5
PAT-002266,Ishrat Matubbar,female,2005-08-22,Hypothyroidism,garment factory worker,3
PAT-002267,Subrata Sarkar,male,1963-12-01,Type 2 diabetes mellitus,delivery rider,4
PAT-002268,Parvin Majumder,female,1965-05-31,none,beautician,3
PAT-002269,Popy Rahman,female,2001-05-27,Essential hypertension,garment factory worker,3
PAT-002270,Rabeya Karim,female,1988-12-13,Hypothyroidism,bus driver,4
PAT-002271,Monir Sarkar,male,1990-08-22,none,schoolteacher,4
PAT-002272,Mahiya Matubbar,female,1998-01-11,none,security guard,5
PAT-002273,Rumana Molla,female,1987-11-07,Type 2 diabetes mellitus,rickshaw puller,4
PAT-002274,Ayesha Mondal,female,1948-09-25,Type 2 diabetes mellitus,homemaker,4
PAT-002275,Imtiaz Hasan,male,1947-05-21,Type 2 diabetes mellitus,retired civil servant,6
PAT-002276,Saad Munshi,male,1999-02-13,Hypothyroidism,call centre agent,4
PAT-002277,Nazmul Ahmed,male,2002-03-18,Type 2 diabetes mellitus,NGO field officer,3
PAT-002278,Popy Kabir,female,1992-07-13,none,software developer,6
PAT-002279,Rashid Patwary,male,1947-11-25,none,shopkeeper,4
PAT-002280,Asif Akand,male,1972-03-19,Type 2 diabetes mellitus,accountant,4
PAT-002281,Manik Saha,male,1971-12-31,none,graphic designer,4
PAT-002282,Shampa Nath,female,1995-10-13,Hypothyroidism,photographer,5
PAT-002283,Nupur Sarkar,female,1954-07-20,none,tailor,4
PAT-002284,Iffat Bhuiyan,female,1953-06-18,none,tailor,4
PAT-002285,Rokeya Faruque,female,1997-01-19,none,accountant,3
PAT-002286,Sabbir Mondal,male,1958-08-30,Hypothyroidism,farmer,6
PAT-002287,Rezaul Bhuiyan,male,1953-03-21,Type 2 diabetes mellitus,madrasa teacher,5
PAT-002288,Shakil Chowdhury,male,1953-05-20,Type 2 diabetes mellitus,homemaker,4
PAT-002289,Fariha Uddin,female,1956-02-03,Bronchial asthma,homemaker,3
PAT-002290,Champa Gazi,female,1959-04-29,none,madrasa teacher,3
PAT-002291,Abul Ahmed,male,1962-02-20,none,homemaker,3
PAT-002292,Habib Ahmed,male,1964-12-07,Type 2 diabetes mellitus,garment merchandiser,5
PAT-002293,Laxmi Dey,female,1973-01-24,none,architect,7
PAT-002294,Orin Ahmed,female,1993-06-12,none,graphic designer,3
PAT-002295,Nusrat Khan,female,2004-06-11,none,hotel receptionist,5
PAT-002296,Eva Akand,female,1967-11-14,none,software developer,3
PAT-002297,Afsana Sikder,female,1968-01-10,Hypothyroidism,construction worker,3
PAT-002298,Jannatul Rahman,female,1995-05-03,Type 2 diabetes mellitus,mobile phone repair technician,3
PAT-002299,Tamim Awal,male,1995-02-24,none,madrasa teacher,6
PAT-002300,Champa Munshi,female,1952-06-07,none,madrasa teacher,4
PAT-002301,Shyamal Mondol,male,2003-01-17,none,sales representative,4
PAT-002302,Chandana Mondol,female,1970-08-07,none,police constable,7
PAT-002303,Farzana Akand,female,1979-02-23,none,homemaker,6
PAT-002304,Zahid Majumder,male,1986-07-13,none,rickshaw puller,3
PAT-002305,Fahim Akand,male,1958-10-26,none,homemaker,3
PAT-002306,Arafat Awal,male,2004-02-10,Hypothyroidism,electrician,3
PAT-002307,Marium Shikder,female,2004-01-11,Type 2 diabetes mellitus,schoolteacher,5
PAT-002308,Taslima Bepari,female,1960-06-18,Essential hypertension,shopkeeper,3
PAT-002309,Wasim Bepari,male,1951-08-24,Bronchial asthma,homemaker,3
PAT-002310,Nusrat Matubbar,female,1999-08-17,Type 2 diabetes mellitus,security guard,3
PAT-002311,Sharmin Kabir,female,1989-10-03,Type 2 diabetes mellitus,tailor,4
PAT-002312,Hossain Shikder,male,1949-06-12,Essential hypertension,shopkeeper,3
PAT-002313,Shapla Karim,female,1972-02-21,Bronchial asthma,electrician,4
PAT-002314,Babul Rahman,male,1996-03-16,Hypothyroidism,ride-share driver,4
PAT-002315,Tahsin Khan,female,1986-09-11,none,sales representative,4
PAT-002316,Jannat Molla,female,1995-06-21,none,delivery rider,5
PAT-002317,Eva Khatun,female,1973-10-18,none,restaurant cook,7
PAT-002318,Farida Bepari,female,1986-10-19,none,textile engineer,5
PAT-002319,Anika Gazi,female,1971-07-06,Hypothyroidism,electrician,3
PAT-002320,Tahsin Gazi,female,1965-04-18,none,bank officer,5
PAT-002321,Abul Miah,male,1963-02-21,none,call centre agent,4
PAT-002322,Liton Miah,male,1992-05-21,none,tailor,4
PAT-002323,Tuhin Hasan,male,1952-08-24,none,farmer,3
PAT-002324,Eva Ahmed,female,1953-04-12,none,shopkeeper,4
PAT-002325,Chandana Sarkar,female,1963-07-05,Bronchial asthma,madrasa teacher,3
PAT-002326,Champa Hasan,female,1986-12-09,none,journalist,3
PAT-002327,Rezaul Chowdhury,male,1988-07-28,Essential hypertension,restaurant cook,3
PAT-002328,Abdul Molla,male,1980-06-19,none,security guard,6
PAT-002329,Zakia Ahmed,female,1986-11-08,none,hotel receptionist,7
PAT-002330,Fahim Pramanik,male,1955-06-28,Essential hypertension,homemaker,4
PAT-002331,Faruk Rahman,male,1976-12-18,Type 2 diabetes mellitus,restaurant cook,4
PAT-002332,Nazmul Akand,male,1972-08-18,none,ride-share driver,3
PAT-002333,Hasina Bepari,female,1973-02-01,none,fisherman,5
PAT-002334,Nazma Hasan,female,1982-06-29,none,accountant,5
PAT-002335,Bilkis Ahmed,female,1979-09-16,none,garment merchandiser,4
PAT-002336,Samira Sikder,female,1971-11-20,Essential hypertension,office cleaner,3
PAT-002337,Jesmin Rahman,female,1976-10-11,Essential hypertension,nurse,5
PAT-002338,Sraboni Paul,female,1955-12-26,none,shopkeeper,4
PAT-002339,Lamia Akand,female,1991-01-10,none,bank officer,5
PAT-002340,Mostafa Mondal,male,1948-12-06,none,farmer,4
PAT-002341,Tariq Mahmud,male,1988-11-05,none,cricket coach,3
PAT-002342,Dipali Biswas,female,1975-02-04,none,electrician,3
PAT-002343,Ashraf Hasan,male,1956-10-27,none,tailor,5
PAT-002344,Aminul Shikder,male,1947-03-08,none,retired civil servant,4
PAT-002345,Puja Chakraborty,female,1990-03-14,Type 2 diabetes mellitus,lawyer,3
PAT-002346,Riad Bhuiyan,male,1988-11-29,none,ride-share driver,4
PAT-002347,Sanjida Howlader,female,1978-10-04,Type 2 diabetes mellitus,ride-share driver,3
PAT-002348,Rupali Chakraborty,female,2000-11-11,Essential hypertension,ride-share driver,4
PAT-002349,Salma Khan,female,1988-07-05,none,rickshaw puller,4
PAT-002350,Rahima Karim,female,1946-05-08,none,farmer,3
PAT-002351,Abdul Mahmud,male,1990-07-07,none,hotel receptionist,3
PAT-002352,Rahima Khan,female,1952-02-06,Essential hypertension,retired civil servant,4
PAT-002353,Rezaul Khan,male,1980-05-03,none,ride-share driver,7
PAT-002354,Mostafa Molla,male,1954-08-21,none,retired civil servant,3
PAT-002355,Tuhin Akand,male,2005-03-26,none,graphic designer,3
PAT-002356,Jahid Howlader,male,1971-11-10,none,tailor,7
PAT-002357,Biplob Bose,male,1967-03-16,none,police constable,3
PAT-002358,Nargis Sikder,female,1979-02-28,Hypothyroidism,architect,4
PAT-002359,Nargis Howlader,female,1992-05-22,none,schoolteacher,7
PAT-002360,Rahim Bepari,male,1987-09-15,none,nurse,4
PAT-002361,Nabila Islam,female,1948-08-29,Hypothyroidism,shopkeeper,4
PAT-002362,Monir Kabir,male,1979-04-21,Type 2 diabetes mellitus,construction worker,4
PAT-002363,Parvin Shikder,female,1976-10-18,none,madrasa teacher,4
PAT-002364,Hafsa Bepari,female,1977-04-16,none,garment merchandiser,6
PAT-002365,Krishna Das,female,1956-06-04,none,madrasa teacher,5
PAT-002366,Golam Ahmed,male,1990-01-06,Essential hypertension,restaurant cook,3
PAT-002367,Abul Rahman,male,1959-04-08,none,retired civil servant,4
PAT-002368,Ibrahim Awal,male,1966-01-15,none,graphic designer,3
PAT-002369,Shakil Alam,male,1950-06-27,Type 2 diabetes mellitus,homemaker,4
PAT-002370,Aminul Gazi,male,1982-09-02,Essential hypertension,mobile phone repair technician,3
PAT-002371,Salma Begum,female,1962-08-03,Essential hypertension,retired civil servant,5
PAT-002372,Anika Haque,female,1976-03-03,none,rickshaw puller,6
PAT-002373,Zahid Kabir,male,1980-02-04,Bronchial asthma,textile engineer,3
PAT-002374,Jannatul Bepari,female,1990-12-27,Bronchial asthma,tailor,6
PAT-002375,Wasim Ahmed,male,1968-03-09,none,accountant,5
PAT-002376,Ibrahim Patwary,male,1964-04-10,none,garment factory worker,4
PAT-002377,Jamal Bepari,male,1999-03-08,Bronchial asthma,tailor,5
PAT-002378,Sharmin Awal,female,1959-06-11,none,retired civil servant,3
PAT-002379,Jhuma Sen,female,1992-04-07,Type 2 diabetes mellitus,pharmacist,3
PAT-002380,Arif Faruque,male,1980-07-22,Hypothyroidism,tailor,4
PAT-002381,Ruma Khatun,female,1986-08-31,Type 2 diabetes mellitus,hotel receptionist,4
PAT-002382,Khadija Miah,female,1979-08-28,none,CNG auto-rickshaw driver,3
PAT-002383,Shamima Karim,female,1953-01-10,none,retired civil servant,8
PAT-002384,Jubayer Shikder,male,1958-11-07,none,homemaker,4
PAT-002385,Saad Molla,male,1982-11-22,none,ride-share driver,4
PAT-002386,Habiba Akand,female,1978-09-13,none,tailor,6
PAT-002387,Subrata Biswas,male,2003-10-04,none,homemaker,3
PAT-002388,Shakil Sheikh,male,2006-06-23,none,delivery rider,4
PAT-002389,Chandana Paul,female,1973-10-07,Bronchial asthma,delivery rider,3
PAT-002390,Farzana Begum,female,1988-03-02,none,rickshaw puller,4
PAT-002391,Mahmuda Faruque,female,1963-03-15,none,sales representative,3
PAT-002392,Arifa Sultana,female,1984-12-30,none,homemaker,4
PAT-002393,Ayesha Bepari,female,2000-10-18,Type 2 diabetes mellitus,madrasa teacher,4
PAT-002394,Habiba Kabir,female,1966-01-12,none,fisherman,4
PAT-002395,Sumitra Halder,female,2005-08-23,none,rickshaw puller,3
PAT-002396,Ruma Mahmud,female,1961-05-03,Hypothyroidism,madrasa teacher,3
PAT-002397,Saiful Mollah,male,1945-01-31,Essential hypertension,retired civil servant,3
PAT-002398,Gautam Paul,male,1964-01-21,Hypothyroidism,delivery rider,5
PAT-002399,Dipali Roy,female,1966-06-19,none,madrasa teacher,3
PAT-002400,Hafsa Siddique,female,1984-08-14,none,garment factory worker,5
PAT-002401,Tamim Siddique,male,1968-05-18,none,shopkeeper,5
PAT-002402,Jewel Shikder,male,1950-12-27,Type 2 diabetes mellitus,retired civil servant,3
PAT-002403,Sakib Bhuiyan,male,1948-12-15,Hypothyroidism,retired civil servant,3
PAT-002404,Shamima Siddique,female,1955-12-14,Type 2 diabetes mellitus,shopkeeper,6
PAT-002405,Orin Sheikh,female,1967-06-28,Type 2 diabetes mellitus,bus driver,5
PAT-002406,Laila Khatun,female,1948-09-26,Essential hypertension,shopkeeper,5
PAT-002407,Fahim Bepari,male,1950-05-24,none,homemaker,4
PAT-002408,Rina Halder,female,1990-09-16,Type 2 diabetes mellitus,restaurant cook,3
PAT-002409,Habiba Miah,female,1975-12-28,Essential hypertension,ride-share driver,3
PAT-002410,Bushra Hossain,female,1996-10-26,none,tailor,5
PAT-002411,Fariha Bhuiyan,female,1964-12-07,none,NGO field officer,6
PAT-002412,Shakil Karim,male,1980-08-10,none,nurse,4
PAT-002413,Iffat Mollah,female,2005-02-17,none,garment merchandiser,4
PAT-002414,Obaidul Hasan,male,1971-07-02,none,police constable,4
PAT-002415,Sumaiya Faruque,female,1977-11-16,none,bank officer,4
PAT-002416,Jui Mondal,female,1971-06-22,none,hotel receptionist,4
PAT-002417,Ayesha Haque,female,1992-08-13,Hypothyroidism,beautician,3
PAT-002418,Nazma Sultana,female,1950-09-19,none,retired civil servant,4
PAT-002419,Sharmin Siddique,female,1980-11-13,Hypothyroidism,beautician,3
PAT-002420,Shahidul Akand,male,1977-02-14,none,shopkeeper,3
PAT-002421,Dipak Saha,male,1981-08-13,none,cricket coach,3
PAT-002422,Ishrat Rahman,female,1994-01-06,none,farmer,6
PAT-002423,Morium Dewan,female,1947-04-23,none,homemaker,4
PAT-002424,Zakia Miah,female,1960-05-30,none,madrasa teacher,4
PAT-002425,Shahana Pramanik,female,1966-01-19,none,hotel receptionist,4
PAT-002426,Shahidul Matubbar,male,1965-07-31,none,restaurant cook,4
PAT-002427,Rokeya Pramanik,female,1971-04-19,Bronchial asthma,fisherman,4
PAT-002428,Selim Kabir,male,1956-09-04,none,madrasa teacher,5
PAT-002429,Ehsan Sikder,male,1983-07-20,none,garment merchandiser,4
PAT-002430,Ayesha Alam,female,2005-12-31,none,delivery rider,3
PAT-002431,Uttam Dey,male,1956-09-24,Type 2 diabetes mellitus,shopkeeper,3
PAT-002432,Rezaul Haque,male,1950-10-10,none,madrasa teacher,5
PAT-002433,Emon Mollah,male,1998-07-12,Bronchial asthma,architect,5
PAT-002434,Mizanur Shikder,male,2000-04-06,none,architect,5
PAT-002435,Ziaur Islam,male,1980-04-10,Type 2 diabetes mellitus,NGO field officer,3
PAT-002436,Rekha Dey,female,1984-04-16,Bronchial asthma,electrician,4
PAT-002437,Kamal Uddin,male,1995-06-18,Bronchial asthma,nurse,4
PAT-002438,Lipi Sarkar,female,1945-05-07,Bronchial asthma,shopkeeper,2
PAT-002439,Ishrat Uddin,female,1988-08-17,none,call centre agent,3
PAT-002440,Lipi Siddique,female,1967-11-17,none,electrician,3
PAT-002441,Jubayer Hossain,male,1964-12-06,none,photographer,3
PAT-002442,Kulsum Khan,female,1948-05-08,none,retired civil servant,4
PAT-002443,Ibrahim Akand,male,1993-08-28,Hypothyroidism,graphic designer,6
PAT-002444,Parvin Sikder,female,1946-06-19,Hypothyroidism,farmer,5
PAT-002445,Ziaur Molla,male,1993-11-01,none,journalist,5
PAT-002446,Shathi Sikder,female,1953-02-14,none,retired civil servant,7
PAT-002447,Shahana Howlader,female,1997-04-14,none,lawyer,5
PAT-002448,Nazmul Dewan,male,1997-12-30,none,electrician,3
PAT-002449,Ziaur Mollah,male,1957-04-20,Bronchial asthma,madrasa teacher,4
PAT-002450,Dalia Kabir,female,2001-05-24,Bronchial asthma,shopkeeper,3
PAT-002451,Tamanna Sikder,female,1946-02-07,Bronchial asthma,homemaker,4
PAT-002452,Parvez Talukder,male,1977-11-17,Essential hypertension,accountant,4
PAT-002453,Mostafa Kabir,male,1946-04-17,Essential hypertension,farmer,4
PAT-002454,Hafsa Sheikh,female,1982-03-08,Hypothyroidism,madrasa teacher,4
PAT-002455,Mahiya Kabir,female,1946-12-06,none,shopkeeper,4
PAT-002456,Hasina Sultana,female,1946-02-06,none,homemaker,3
PAT-002457,Mahbub Mondal,male,1951-01-21,Type 2 diabetes mellitus,shopkeeper,3
PAT-002458,Sajjad Mondal,male,1960-10-04,Bronchial asthma,retired civil servant,3
PAT-002459,Shathi Bepari,female,1967-01-20,Type 2 diabetes mellitus,software developer,6
PAT-002460,Ashraf Faruque,male,1962-12-11,Hypothyroidism,ride-share driver,3
PAT-002461,Jamal Gazi,male,1977-08-19,none,software developer,5
PAT-002462,Tariq Islam,male,1970-11-02,Essential hypertension,pharmacist,6
PAT-002463,Parvin Begum,female,1953-07-27,none,tailor,5
PAT-002464,Tamim Matubbar,male,1971-01-19,Hypothyroidism,CNG auto-rickshaw driver,4
PAT-002465,Bushra Alam,female,1973-09-07,none,CNG auto-rickshaw driver,3
PAT-002466,Nurul Chowdhury,male,1985-08-22,none,bus driver,6
PAT-002467,Sanjida Kabir,female,1960-08-05,none,homemaker,3
PAT-002468,Shapla Munshi,female,1959-10-26,none,homemaker,6
PAT-002469,Sanjida Akter,female,1983-10-15,Essential hypertension,lawyer,3
PAT-002470,Ranjit Halder,male,1958-07-31,none,madrasa teacher,3
PAT-002471,Tanvir Dewan,male,1991-09-24,none,garment merchandiser,3
PAT-002472,Hafsa Hossain,female,1966-04-07,none,delivery rider,5
PAT-002473,Wasim Pramanik,male,2000-05-04,Bronchial asthma,textile engineer,6
PAT-002474,Liton Molla,male,1966-05-29,none,police constable,4
PAT-002475,Ruma Dewan,female,1999-09-02,Bronchial asthma,call centre agent,3
PAT-002476,Ashok Roy,male,1964-10-17,none,police constable,4
PAT-002477,Masud Howlader,male,1987-07-07,Bronchial asthma,bus driver,4
PAT-002478,Nazmul Gazi,male,1971-06-13,none,tailor,6
PAT-002479,Shampa Paul,female,1993-12-26,none,garment factory worker,3
PAT-002480,Marium Chowdhury,female,1955-12-01,none,farmer,3
PAT-002481,Habiba Dewan,female,2005-05-19,Type 2 diabetes mellitus,police constable,5
PAT-002482,Jubayer Khan,male,1951-11-19,none,shopkeeper,3
PAT-002483,Champa Uddin,female,1995-09-03,none,farmer,6
PAT-002484,Taslima Shikder,female,1969-06-12,Bronchial asthma,software developer,4
PAT-002485,Tasnim Matubbar,female,2006-05-18,none,garment factory worker,4
PAT-002486,Nabila Mondal,female,1980-05-21,none,nurse,3
PAT-002487,Farida Matubbar,female,1995-02-07,Bronchial asthma,tailor,4
PAT-002488,Sajjad Patwary,male,2005-11-14,none,shopkeeper,4
PAT-002489,Dalia Bepari,female,1958-04-03,Type 2 diabetes mellitus,madrasa teacher,3
PAT-002490,Rehana Molla,female,1997-09-09,none,delivery rider,5
PAT-002491,Mostafa Majumder,male,1959-09-14,none,shopkeeper,7
PAT-002492,Morium Kabir,female,1993-12-07,Type 2 diabetes mellitus,call centre agent,3
PAT-002493,Gautam Mitra,male,1977-07-15,Hypothyroidism,farmer,3
PAT-002494,Ehsan Gazi,male,1979-05-02,none,schoolteacher,6
PAT-002495,Hafsa Ahmed,female,1988-03-24,none,madrasa teacher,3
PAT-002496,Saiful Gazi,male,1972-02-16,none,lawyer,3
PAT-002497,Nargis Hossain,female,1999-08-27,Essential hypertension,graphic designer,3
PAT-002498,Ishrat Hossain,female,1948-12-15,none,shopkeeper,4
PAT-002499,Anika Sikder,female,1983-02-14,Bronchial asthma,journalist,3
PAT-002500,Puja Paul,female,1964-03-06,Essential hypertension,hotel receptionist,8
PAT-002501,Tariq Mondal,male,1981-08-24,none,beautician,4
PAT-002502,Parvin Pramanik,female,1986-03-30,none,hotel receptionist,3
PAT-002503,Tasnim Faruque,female,1978-07-07,Essential hypertension,architect,4
PAT-002504,Tuhin Chowdhury,male,1994-10-28,none,mobile phone repair technician,6
PAT-002505,Fatema Hossain,female,1986-12-08,none,lawyer,4
PAT-002506,Ashraf Alam,male,1994-03-07,none,NGO field officer,3
PAT-002507,Mahbub Miah,male,1981-02-12,Bronchial asthma,photographer,3
PAT-002508,Rehana Khatun,female,1997-04-21,none,fisherman,7
PAT-002509,Rekha Mitra,female,1962-05-18,none,farmer,5
PAT-002510,Kawsar Karim,male,1949-12-16,Essential hypertension,homemaker,3
PAT-002511,Jesmin Haque,female,1951-12-21,Bronchial asthma,retired civil servant,3
PAT-002512,Anika Miah,female,2005-01-25,Essential hypertension,photographer,3
PAT-002513,Golam Pramanik,male,1998-05-20,none,call centre agent,4
PAT-002514,Priya Kundu,female,1996-09-19,none,police constable,5
PAT-002515,Krishna Chakraborty,female,1969-04-28,none,ride-share driver,4
PAT-002516,Tariq Hossain,male,1962-04-16,Bronchial asthma,retired civil servant,5
PAT-002517,Jui Akand,female,1977-06-24,none,farmer,3
PAT-002518,Tahsin Ahmed,female,1947-05-28,none,madrasa teacher,3
PAT-002519,Mostafa Bhuiyan,male,1954-05-17,none,retired civil servant,5
PAT-002520,Saiful Khan,male,1989-07-06,none,cricket coach,5
PAT-002521,Harun Sikder,male,1981-05-31,Bronchial asthma,CNG auto-rickshaw driver,3
PAT-002522,Sultana Begum,female,1956-01-08,none,tailor,4
PAT-002523,Tania Mollah,female,1997-06-16,none,journalist,4
PAT-002524,Tania Molla,female,1993-05-11,none,call centre agent,5
PAT-002525,Kamal Islam,male,1954-05-04,none,tailor,4
PAT-002526,Ishrat Khan,female,1960-01-13,Type 2 diabetes mellitus,tailor,4
PAT-002527,Sabbir Bepari,male,1955-05-14,none,tailor,5
PAT-002528,Mahmuda Akter,female,1984-07-16,Hypothyroidism,nurse,5
PAT-002529,Ruma Chowdhury,female,1988-05-25,none,sales representative,5
PAT-002530,Rahim Matubbar,male,1949-12-15,Bronchial asthma,farmer,4
PAT-002531,Fariha Sikder,female,1998-04-01,none,madrasa teacher,3
PAT-002532,Shikha Biswas,female,1948-02-23,none,retired civil servant,4
PAT-002533,Karim Mahmud,male,1977-02-23,none,schoolteacher,4
PAT-002534,Rozina Molla,female,2002-10-22,Hypothyroidism,software developer,3
PAT-002535,Jamal Faruque,male,1951-01-16,Type 2 diabetes mellitus,madrasa teacher,3
PAT-002536,Anjali Halder,female,1971-08-08,none,rickshaw puller,6
PAT-002537,Rahim Sikder,male,1952-06-26,Type 2 diabetes mellitus,homemaker,4
PAT-002538,Ehsan Talukder,male,1951-09-29,Essential hypertension,tailor,3
PAT-002539,Shafiq Akand,male,1991-01-27,none,security guard,4
PAT-002540,Nurul Rahman,male,1953-01-14,none,shopkeeper,3
PAT-002541,Nusrat Patwary,female,1994-10-28,none,police constable,4
PAT-002542,Ziaur Rahman,male,1965-04-06,none,bank officer,6
PAT-002543,Shapla Miah,female,1951-11-05,Bronchial asthma,farmer,5
PAT-002544,Hafsa Shikder,female,1946-06-16,none,madrasa teacher,4
PAT-002545,Tasnim Sarkar,female,1999-08-11,none,garment merchandiser,5
PAT-002546,Tanvir Hasan,male,1991-07-25,Hypothyroidism,schoolteacher,4
PAT-002547,Hasan Munshi,male,1998-12-20,Bronchial asthma,call centre agent,7
PAT-002548,Mostafa Sheikh,male,1960-06-14,none,retired civil servant,4
PAT-002549,Farzana Khatun,female,1948-03-18,Type 2 diabetes mellitus,farmer,4
PAT-002550,Salma Mahmud,female,1945-01-12,none,madrasa teacher,3
PAT-002551,Habib Sarkar,male,1988-07-25,Hypothyroidism,call centre agent,4
PAT-002552,Rahim Dewan,male,1958-08-29,none,retired civil servant,4
PAT-002553,Mehedi Molla,male,1975-10-10,Hypothyroidism,shopkeeper,3
PAT-002554,Shathi Bhuiyan,female,1983-06-15,none,CNG auto-rickshaw driver,4
PAT-002555,Arifa Bhuiyan,female,1979-10-26,Type 2 diabetes mellitus,construction worker,7
PAT-002556,Parvin Talukder,female,1983-08-12,Hypothyroidism,hotel receptionist,5
PAT-002557,Karim Molla,male,1977-01-13,none,farmer,4
PAT-002558,Popy Matubbar,female,1961-11-27,Essential hypertension,homemaker,3
PAT-002559,Mahmuda Uddin,female,1966-10-17,none,software developer,3
PAT-002560,Riad Uddin,male,1960-07-27,Bronchial asthma,madrasa teacher,5
PAT-002561,Champa Molla,female,1969-03-29,Hypothyroidism,architect,5
PAT-002562,Kulsum Awal,female,1979-12-16,Type 2 diabetes mellitus,CNG auto-rickshaw driver,4
PAT-002563,Ehsan Faruque,male,2004-07-07,Essential hypertension,CNG auto-rickshaw driver,6
PAT-002564,Rabeya Gazi,female,1976-05-14,none,garment merchandiser,3
PAT-002565,Dalia Ahmed,female,1984-03-27,Bronchial asthma,garment factory worker,6
PAT-002566,Mamun Shikder,male,1974-01-17,Bronchial asthma,ride-share driver,4
PAT-002567,Parvez Rahman,male,1976-12-03,none,fisherman,5
PAT-002568,Kakoli Roy,female,2005-09-10,none,office cleaner,4
PAT-002569,Riad Majumder,male,1992-07-24,Essential hypertension,security guard,5
PAT-002570,Fariha Kabir,female,1954-12-22,none,farmer,3
PAT-002571,Asif Mondal,male,1997-07-07,none,restaurant cook,4
PAT-002572,Jamal Bhuiyan,male,2000-10-17,none,university student,3
PAT-002573,Tamim Faruque,male,1999-09-06,Essential hypertension,sales representative,5
PAT-002574,Tamim Majumder,male,1974-04-30,none,journalist,4
PAT-002575,Tasnim Khatun,female,1970-08-04,none,schoolteacher,5
PAT-002576,Selim Chowdhury,male,2005-04-24,Type 2 diabetes mellitus,hotel receptionist,4
PAT-002577,Mousumi Bhattacharya,female,1979-02-21,none,security guard,3
PAT-002578,Mita Halder,female,1967-06-16,Hypothyroidism,rickshaw puller,3
PAT-002579,Mehedi Shikder,male,1972-07-01,Type 2 diabetes mellitus,tailor,6
PAT-002580,Mitu Shikder,female,1944-11-09,none,farmer,2
PAT-002581,Parvin Mollah,female,2006-03-07,none,shopkeeper,4
PAT-002582,Tuhin Miah,male,1958-10-15,none,homemaker,4
PAT-002583,Priya Paul,female,1997-12-17,Bronchial asthma,fisherman,5
PAT-002584,Habib Faruque,male,1993-07-01,none,NGO field officer,4
PAT-002585,Imtiaz Mollah,male,1951-01-11,none,tailor,6
PAT-002586,Fatema Sheikh,female,1955-05-15,Hypothyroidism,homemaker,4
PAT-002587,Rehana Chowdhury,female,1994-01-22,none,electrician,3
PAT-002588,Champa Howlader,female,1962-09-30,none,shopkeeper,4
PAT-002589,Ibrahim Sikder,male,1994-06-08,none,bank officer,6
PAT-002590,Lamia Pramanik,female,2003-04-27,Hypothyroidism,bus driver,4
PAT-002591,Mousumi Bose,female,1980-11-04,Essential hypertension,bus driver,4
PAT-002592,Nazmul Faruque,male,1989-07-29,Essential hypertension,fisherman,6
PAT-002593,Nurul Ahmed,male,1951-11-07,none,shopkeeper,6
PAT-002594,Bushra Mollah,female,1976-12-28,none,graphic designer,4
PAT-002595,Lipi Talukder,female,1977-01-24,Type 2 diabetes mellitus,ride-share driver,4
PAT-002596,Hasina Howlader,female,1978-01-14,none,cricket coach,4
PAT-002597,Sohel Kabir,male,1944-11-02,Essential hypertension,shopkeeper,2
PAT-002598,Mahmuda Sultana,female,1971-01-01,none,bank officer,3
PAT-002599,Faruk Sheikh,male,1966-12-08,Bronchial asthma,textile engineer,3
PAT-002600,Shamim Akand,male,1995-12-01,none,office cleaner,4
PAT-002601,Rozina Mollah,female,1959-04-18,Type 2 diabetes mellitus,homemaker,4
PAT-002602,Harun Matubbar,male,1980-09-13,none,tailor,5
PAT-002603,Liton Hossain,male,1993-10-06,none,office cleaner,3
PAT-002604,Jamal Munshi,male,1956-04-15,Bronchial asthma,retired civil servant,3
PAT-002605,Mitu Munshi,female,1961-09-28,none,madrasa teacher,3
PAT-002606,Ziaur Majumder,male,1963-05-13,Hypothyroidism,homemaker,4
PAT-002607,Jewel Bhuiyan,male,1954-04-07,Bronchial asthma,madrasa teacher,3
PAT-002608,Nirmal Datta,male,1991-07-28,none,schoolteacher,5
PAT-002609,Jubayer Sheikh,male,1971-06-14,none,bus driver,3
PAT-002610,Bushra Begum,female,1974-01-04,Hypothyroidism,security guard,4
PAT-002611,Shahana Islam,female,1988-02-13,none,police constable,3
PAT-002612,Eva Sheikh,female,1959-02-05,none,tailor,5
PAT-002613,Jannat Dewan,female,1968-09-16,Type 2 diabetes mellitus,hotel receptionist,5
PAT-002614,Faruk Patwary,male,2001-03-31,none,mobile phone repair technician,3
PAT-002615,Rashid Haque,male,1944-12-08,Hypothyroidism,homemaker,2
PAT-002616,Bushra Talukder,female,1958-01-24,none,madrasa teacher,4
PAT-002617,Ashraf Pramanik,male,1978-10-23,Bronchial asthma,tailor,4
PAT-002618,Laila Howlader,female,1967-10-17,Bronchial asthma,security guard,3
PAT-002619,Emon Shikder,male,1993-08-30,Type 2 diabetes mellitus,graphic designer,3
PAT-002620,Mostafa Haque,male,1990-12-17,none,nurse,4
PAT-002621,Ishrat Majumder,female,1963-03-29,none,electrician,4
PAT-002622,Debashis Roy,male,1973-04-09,Type 2 diabetes mellitus,ride-share driver,3
PAT-002623,Ishrat Siddique,female,1978-04-15,none,shopkeeper,6
PAT-002624,Nurul Mollah,male,1946-09-26,Type 2 diabetes mellitus,shopkeeper,4
PAT-002625,Mahiya Sarkar,female,1954-12-20,none,farmer,4
PAT-002626,Tariq Dewan,male,2001-10-21,Hypothyroidism,NGO field officer,4
PAT-002627,Masud Siddique,male,1955-08-17,Hypothyroidism,farmer,4
PAT-002628,Arifa Sheikh,female,1981-07-22,none,shopkeeper,5
PAT-002629,Iffat Hossain,female,2000-02-05,none,electrician,6
PAT-002630,Jubayer Munshi,male,1966-10-17,none,hotel receptionist,6
PAT-002631,Faruk Alam,male,1985-04-07,Essential hypertension,NGO field officer,4
PAT-002632,Nusrat Mollah,female,2005-04-10,none,architect,5
PAT-002633,Nabila Ahmed,female,1982-03-30,Hypothyroidism,delivery rider,3
PAT-002634,Riad Ahmed,male,1992-05-05,Hypothyroidism,shopkeeper,4
PAT-002635,Tuhin Shikder,male,1981-11-22,none,garment factory worker,4
PAT-002636,Mahfuz Faruque,male,1997-02-17,Type 2 diabetes mellitus,tailor,4
PAT-002637,Farzana Islam,female,1994-02-15,Bronchial asthma,electrician,4
PAT-002638,Sanjida Mollah,female,1996-02-01,Bronchial asthma,security guard,6
PAT-002639,Babul Munshi,male,1970-01-29,none,fisherman,3
PAT-002640,Fariha Karim,female,1987-05-02,Type 2 diabetes mellitus,photographer,6
PAT-002641,Eva Siddique,female,1952-02-19,Essential hypertension,retired civil servant,4
PAT-002642,Mousumi Paul,female,1987-04-09,Essential hypertension,CNG auto-rickshaw driver,5
PAT-002643,Orin Molla,female,1968-04-06,Essential hypertension,cricket coach,4
PAT-002644,Taslima Alam,female,2004-02-24,Bronchial asthma,ride-share driver,5
PAT-002645,Rumana Bepari,female,1977-09-21,none,rickshaw puller,3
PAT-002646,Anwar Bepari,male,1976-12-25,none,construction worker,5
PAT-002647,Mostafa Chowdhury,male,1977-09-05,none,garment merchandiser,4
PAT-002648,Eva Chowdhury,female,1983-01-30,none,schoolteacher,3
PAT-002649,Lipi Munshi,female,2001-12-28,Essential hypertension,graphic designer,4
PAT-002650,Sohel Dewan,male,1998-12-08,none,ride-share driver,5
PAT-002651,Obaidul Uddin,male,2003-01-21,none,electrician,3
PAT-002652,Khadija Akter,female,1977-12-06,Bronchial asthma,restaurant cook,3
PAT-002653,Sabbir Sikder,male,1953-12-03,none,madrasa teacher,5
PAT-002654,Ziaur Gazi,male,1973-07-10,Bronchial asthma,schoolteacher,5
PAT-002655,Sohel Haque,male,2002-10-10,none,delivery rider,6
PAT-002656,Rezaul Kabir,male,1977-10-05,none,tailor,5
PAT-002657,Faruk Khan,male,1988-02-23,none,security guard,4
PAT-002658,Popy Miah,female,1958-03-06,Bronchial asthma,farmer,5
PAT-002659,Jui Alam,female,1959-09-28,none,tailor,4
PAT-002660,Papiya Sarkar,female,1956-04-12,none,madrasa teacher,4
PAT-002661,Sharmin Haque,female,2005-02-26,Hypothyroidism,rickshaw puller,5
PAT-002662,Rupa Bepari,female,1975-06-25,none,photographer,3
PAT-002663,Shahana Uddin,female,1998-02-26,none,cricket coach,5
PAT-002664,Tanvir Miah,male,1946-04-28,none,tailor,3
PAT-002665,Nargis Karim,female,1997-01-05,none,construction worker,3
PAT-002666,Rafiq Siddique,male,1999-06-16,Bronchial asthma,construction worker,5
PAT-002667,Biplob Sen,male,1975-09-07,Essential hypertension,madrasa teacher,4
PAT-002668,Tamanna Sheikh,female,1996-09-18,Hypothyroidism,delivery rider,3
PAT-002669,Habiba Haque,female,1991-12-24,none,police constable,8
PAT-002670,Shafiq Sheikh,male,1984-06-27,none,garment merchandiser,3
PAT-002671,Kulsum Khatun,female,1979-12-18,Type 2 diabetes mellitus,ride-share driver,6
PAT-002672,Emon Majumder,male,1946-09-05,Bronchial asthma,homemaker,5
PAT-002673,Rabeya Majumder,female,1968-05-08,none,bank officer,6
PAT-002674,Kawsar Shikder,male,1955-05-16,none,shopkeeper,4
PAT-002675,Parvin Hossain,female,1984-06-27,none,graphic designer,3
PAT-002676,Shathi Khan,female,1993-10-14,none,shopkeeper,4
PAT-002677,Marium Sheikh,female,1944-12-11,none,shopkeeper,2
PAT-002678,Jubayer Faruque,male,1985-03-13,Hypothyroidism,journalist,5
PAT-002679,Puja Datta,female,2006-04-29,none,delivery rider,5
PAT-002680,Shafiq Pramanik,male,2004-04-07,Essential hypertension,journalist,5
PAT-002681,Saiful Bhuiyan,male,1971-01-08,Essential hypertension,ride-share driver,3
PAT-002682,Mizanur Uddin,male,1983-01-03,none,architect,5
PAT-002683,Habib Akand,male,2004-04-17,Type 2 diabetes mellitus,textile engineer,3
PAT-002684,Jhuma Kundu,female,1973-12-03,Bronchial asthma,NGO field officer,3
PAT-002685,Obaidul Bhuiyan,male,1994-11-17,none,beautician,4
PAT-002686,Tania Hossain,female,1999-07-03,Bronchial asthma,journalist,4
PAT-002687,Jesmin Sikder,female,1981-02-05,Type 2 diabetes mellitus,CNG auto-rickshaw driver,4
PAT-002688,Ziaur Patwary,male,1985-01-01,Bronchial asthma,software developer,5
PAT-002689,Lamia Chowdhury,female,2006-09-07,Essential hypertension,university student,3
PAT-002690,Shirin Miah,female,1999-06-09,Bronchial asthma,madrasa teacher,6
PAT-002691,Gopal Bhattacharya,male,1976-03-27,Type 2 diabetes mellitus,bus driver,7
PAT-002692,Shahidul Munshi,male,1964-10-22,none,beautician,5
PAT-002693,Selim Talukder,male,1988-10-21,Type 2 diabetes mellitus,mobile phone repair technician,3
PAT-002694,Rumana Sikder,female,1985-02-07,Essential hypertension,bank officer,7
PAT-002695,Nurul Mondal,male,2001-03-03,none,office cleaner,3
PAT-002696,Saiful Dewan,male,1963-04-13,none,bus driver,3
PAT-002697,Tahsin Kabir,female,1983-08-19,Bronchial asthma,schoolteacher,4
PAT-002698,Fariha Ahmed,female,1997-09-18,none,pharmacist,4
PAT-002699,Tasnim Alam,female,1993-12-28,none,restaurant cook,5
PAT-002700,Ishrat Bhuiyan,female,1989-06-03,Hypothyroidism,bus driver,4
PAT-002701,Mehnaz Begum,female,1983-05-18,Type 2 diabetes mellitus,security guard,4
PAT-002702,Shamim Mondal,male,1968-12-06,none,bank officer,5
PAT-002703,Ibrahim Molla,male,2006-01-08,none,garment factory worker,6
PAT-002704,Sukumar Bose,male,1949-04-26,none,homemaker,4
PAT-002705,Tasnim Rahman,female,2001-11-23,Essential hypertension,delivery rider,3
PAT-002706,Samira Munshi,female,1954-07-24,none,farmer,3
PAT-002707,Sadia Hasan,female,2005-12-14,Essential hypertension,shopkeeper,4
PAT-002708,Shamim Munshi,male,2002-04-30,Essential hypertension,cricket coach,5
PAT-002709,Gautam Sen,male,1985-04-15,none,hotel receptionist,5
PAT-002710,Shamima Howlader,female,1948-11-15,Hypothyroidism,retired civil servant,3
PAT-002711,Ehsan Hossain,male,1999-11-16,none,nurse,3
PAT-002712,Arafat Sikder,male,1951-05-12,Essential hypertension,homemaker,3
PAT-002713,Arif Sheikh,male,1958-10-08,none,tailor,6
PAT-002714,Nupur Mondol,female,1981-06-02,Bronchial asthma,delivery rider,3
PAT-002715,Emon Molla,male,1986-05-12,none,journalist,4
PAT-002716,Rubel Sikder,male,2003-06-27,Hypothyroidism,garment factory worker,3
PAT-002717,Nasima Begum,female,1968-07-02,Hypothyroidism,cricket coach,3
PAT-002718,Sharmin Akand,female,1995-10-13,none,ride-share driver,3
PAT-002719,Emon Dewan,male,1979-02-28,none,police constable,5
PAT-002720,Habib Matubbar,male,1989-07-31,none,garment factory worker,4
PAT-002721,Bilkis Majumder,female,1976-11-21,Hypothyroidism,cricket coach,7
PAT-002722,Kawsar Mollah,male,1995-04-27,Hypothyroidism,photographer,3
PAT-002723,Kawsar Matubbar,male,1947-01-16,Bronchial asthma,tailor,4
PAT-002724,Nadia Molla,female,1980-10-11,none,tailor,3
PAT-002725,Shamim Gazi,male,1981-08-07,Hypothyroidism,police constable,5
PAT-002726,Tapan Halder,male,1994-02-13,none,shopkeeper,6
PAT-002727,Habib Chowdhury,male,1989-03-28,none,bank officer,8
PAT-002728,Tamanna Molla,female,1999-07-24,Bronchial asthma,accountant,3
PAT-002729,Farzana Pramanik,female,1987-12-15,none,rickshaw puller,3
PAT-002730,Abdul Karim,male,1964-05-13,none,cricket coach,7
PAT-002731,Mahbub Ahmed,male,1983-08-21,Essential hypertension,farmer,6
PAT-002732,Faruk Islam,male,1986-10-13,none,tailor,5
PAT-002733,Monir Awal,male,1993-03-01,Type 2 diabetes mellitus,police constable,3
PAT-002734,Rupa Ahmed,female,1962-02-15,none,homemaker,5
PAT-002735,Rina Nath,female,1976-01-11,none,homemaker,3
PAT-002736,Rashed Molla,male,1968-02-16,none,garment merchandiser,4
PAT-002737,Anwar Matubbar,male,1955-09-07,none,tailor,4
PAT-002738,Tahsin Hasan,female,1999-02-18,none,homemaker,3
PAT-002739,Shafiq Mollah,male,2004-06-29,none,architect,3
PAT-002740,Anika Sarkar,female,1961-08-22,Type 2 diabetes mellitus,farmer,3
PAT-002741,Ruma Matubbar,female,1966-09-01,Type 2 diabetes mellitus,security guard,3
PAT-002742,Hasina Talukder,female,2005-03-28,none,nurse,3
PAT-002743,Mitu Khatun,female,1996-04-07,none,fisherman,5
PAT-002744,Monir Siddique,male,1948-03-19,none,shopkeeper,4
PAT-002745,Parvin Sheikh,female,1947-08-25,Hypothyroidism,retired civil servant,4
PAT-002746,Farida Khatun,female,2000-11-11,Essential hypertension,software developer,6
PAT-002747,Nazmul Siddique,male,1975-10-24,Bronchial asthma,architect,4
PAT-002748,Dalia Hossain,female,1981-05-21,none,architect,5
PAT-002749,Mehnaz Bepari,female,1963-10-11,none,bus driver,3
PAT-002750,Habiba Bhuiyan,female,1965-10-02,Type 2 diabetes mellitus,beautician,3
PAT-002751,Abul Bhuiyan,male,1989-03-02,none,madrasa teacher,3
PAT-002752,Arifa Howlader,female,1958-04-18,none,retired civil servant,5
PAT-002753,Dilruba Siddique,female,1975-07-08,Essential hypertension,fisherman,3
PAT-002754,Anjali Saha,female,1967-11-04,Type 2 diabetes mellitus,police constable,6
PAT-002755,Sohel Ahmed,male,1993-10-13,Type 2 diabetes mellitus,garment merchandiser,4
PAT-002756,Hasina Hossain,female,1950-11-23,Type 2 diabetes mellitus,retired civil servant,4
PAT-002757,Ziaur Munshi,male,1968-09-03,Essential hypertension,mobile phone repair technician,6
PAT-002758,Marium Siddique,female,1947-09-12,none,tailor,4
PAT-002759,Sadia Bepari,female,1981-08-15,Type 2 diabetes mellitus,CNG auto-rickshaw driver,5
PAT-002760,Nayeem Rahman,male,1999-09-21,none,NGO field officer,3
PAT-002761,Jahid Pramanik,male,1988-09-25,none,security guard,4
PAT-002762,Kawsar Sikder,male,1996-06-23,Essential hypertension,NGO field officer,3
PAT-002763,Hasan Alam,male,1993-11-12,none,security guard,4
PAT-002764,Mostafa Dewan,male,1945-08-25,none,retired civil servant,2
PAT-002765,Nupur Sen,female,1997-07-16,none,photographer,5
PAT-002766,Mamun Howlader,male,1960-01-07,Type 2 diabetes mellitus,madrasa teacher,4
PAT-002767,Tuhin Sikder,male,1949-11-19,none,retired civil servant,6
PAT-002768,Kulsum Munshi,female,1970-06-21,Essential hypertension,police constable,5
PAT-002769,Ehsan Alam,male,1951-04-10,Bronchial asthma,homemaker,4
PAT-002770,Nabila Awal,female,1986-10-17,none,beautician,6
PAT-002771,Sabina Mollah,female,1981-11-13,none,office cleaner,4
PAT-002772,Masud Majumder,male,1959-11-14,none,madrasa teacher,4
PAT-002773,Manik Roy,male,1945-10-23,none,tailor,5
PAT-002774,Obaidul Mahmud,male,1984-07-17,none,architect,5
PAT-002775,Zahid Akand,male,1995-01-05,none,ride-share driver,3
PAT-002776,Liton Majumder,male,2003-05-13,none,sales representative,6
PAT-002777,Bilkis Hossain,female,1987-07-18,none,shopkeeper,5
PAT-002778,Rehana Mahmud,female,1973-05-02,none,garment merchandiser,4
PAT-002779,Nazma Howlader,female,1970-04-16,none,security guard,4
PAT-002780,Rahima Howlader,female,1997-04-13,none,electrician,6
PAT-002781,Iffat Molla,female,2002-03-08,Essential hypertension,accountant,4
PAT-002782,Hafsa Mondal,female,1976-04-25,Essential hypertension,lawyer,4
PAT-002783,Rashed Siddique,male,1995-12-14,none,mobile phone repair technician,4
PAT-002784,Mala Saha,female,2005-06-15,Essential hypertension,nurse,4
PAT-002785,Farzana Gazi,female,1974-12-30,none,CNG auto-rickshaw driver,5
PAT-002786,Rahima Siddique,female,1948-01-28,none,madrasa teacher,3
PAT-002787,Asif Haque,male,2004-04-05,none,mobile phone repair technician,4
PAT-002788,Sohel Matubbar,male,1960-09-04,none,homemaker,3
PAT-002789,Asif Karim,male,1971-05-24,none,mobile phone repair technician,5
PAT-002790,Laila Sheikh,female,1988-06-22,none,journalist,3
PAT-002791,Jamal Haque,male,1956-08-05,Hypothyroidism,tailor,3
PAT-002792,Faruk Faruque,male,2005-04-21,none,software developer,3
PAT-002793,Hafsa Pramanik,female,1983-01-31,none,pharmacist,5
PAT-002794,Prosenjit Dey,male,2001-08-28,none,beautician,4
PAT-002795,Saad Haque,male,2002-12-30,none,architect,3
PAT-002796,Mostafa Islam,male,1974-06-02,none,mobile phone repair technician,5
PAT-002797,Afsana Molla,female,1950-12-31,Type 2 diabetes mellitus,shopkeeper,3
PAT-002798,Afsana Awal,female,1975-07-27,Type 2 diabetes mellitus,bank officer,5
PAT-002799,Shamima Hasan,female,1989-09-12,Essential hypertension,rickshaw puller,5
PAT-002800,Farida Shikder,female,1975-10-26,Essential hypertension,CNG auto-rickshaw driver,4
PAT-002801,Rabeya Munshi,female,1963-03-22,Type 2 diabetes mellitus,hotel receptionist,4
PAT-002802,Shapla Khatun,female,1951-12-03,none,retired civil servant,3
PAT-002803,Jannat Chowdhury,female,1966-08-13,Type 2 diabetes mellitus,farmer,4
PAT-002804,Laila Ahmed,female,1955-07-17,none,tailor,4
PAT-002805,Rakib Sheikh,male,1985-08-19,none,fisherman,3
PAT-002806,Rahim Mondal,male,1958-11-24,none,homemaker,4
PAT-002807,Bithi Biswas,female,1982-03-23,none,tailor,7
PAT-002808,Ibrahim Kabir,male,1975-06-02,none,accountant,4
PAT-002809,Dilruba Gazi,female,1974-04-03,Type 2 diabetes mellitus,farmer,4
PAT-002810,Nirmal Sen,male,1947-03-28,none,farmer,4
PAT-002811,Anwar Mahmud,male,1958-06-15,none,madrasa teacher,4
PAT-002812,Arafat Rahman,male,1994-04-28,none,shopkeeper,4
PAT-002813,Nupur Mitra,female,1952-09-08,Essential hypertension,shopkeeper,3
PAT-002814,Dilruba Howlader,female,1968-12-18,none,bank officer,6
PAT-002815,Obaidul Mollah,male,1978-08-27,Bronchial asthma,office cleaner,5
PAT-002816,Sabina Gazi,female,1997-05-01,Essential hypertension,pharmacist,6
PAT-002817,Habiba Awal,female,1962-07-20,Bronchial asthma,shopkeeper,6
PAT-002818,Abul Awal,male,1945-12-28,none,shopkeeper,3
PAT-002819,Zakia Khan,female,1995-01-29,none,shopkeeper,3
PAT-002820,Khadija Akand,female,1948-05-16,none,madrasa teacher,4
PAT-002821,Shafiq Shikder,male,2002-03-10,none,electrician,4
PAT-002822,Afsana Akter,female,1970-11-27,none,textile engineer,5
PAT-002823,Liton Uddin,male,1979-04-01,none,lawyer,5
PAT-002824,Rina Bose,female,1995-06-14,none,lawyer,3
PAT-002825,Jamal Mahmud,male,1961-08-22,none,madrasa teacher,4
PAT-002826,Rahima Majumder,female,1955-04-13,none,shopkeeper,3
PAT-002827,Habiba Hossain,female,1964-04-20,none,photographer,4
PAT-002828,Tamanna Hasan,female,1968-09-26,Essential hypertension,CNG auto-rickshaw driver,4
PAT-002829,Marium Mollah,female,1954-12-08,Essential hypertension,madrasa teacher,4
PAT-002830,Mahbub Kabir,male,2006-07-16,none,delivery rider,3
PAT-002831,Jui Shikder,female,1981-07-04,none,ride-share driver,5
PAT-002832,Dalia Awal,female,2002-04-13,Bronchial asthma,fisherman,4
PAT-002833,Khadija Hasan,female,1970-08-01,Hypothyroidism,textile engineer,3
PAT-002834,Liton Bepari,male,1952-08-18,Bronchial asthma,shopkeeper,3
PAT-002835,Arafat Majumder,male,1970-12-28,Hypothyroidism,accountant,4
PAT-002836,Khadija Alam,female,1948-10-25,Essential hypertension,farmer,5
PAT-002837,Rezaul Mahmud,male,1980-10-28,none,office cleaner,5
PAT-002838,Ranjit Paul,male,2002-01-03,none,CNG auto-rickshaw driver,3
PAT-002839,Habib Rahman,male,1951-06-02,Bronchial asthma,retired civil servant,6
PAT-002840,Selim Pramanik,male,1980-11-10,none,tailor,5
PAT-002841,Ziaur Mondal,male,2006-08-12,Essential hypertension,delivery rider,3
PAT-002842,Selim Molla,male,1985-05-16,Bronchial asthma,bank officer,3
PAT-002843,Krishna Kundu,female,1961-02-08,none,shopkeeper,6
PAT-002844,Laila Matubbar,female,1963-04-23,Hypothyroidism,ride-share driver,6
PAT-002845,Krishna Roy,female,1948-10-22,Type 2 diabetes mellitus,shopkeeper,4
PAT-002846,Hafsa Munshi,female,1966-08-30,none,lawyer,4
PAT-002847,Nazma Akand,female,1964-11-23,none,bus driver,5
PAT-002848,Ehsan Chowdhury,male,2005-10-03,Bronchial asthma,office cleaner,7
PAT-002849,Dipali Bhattacharya,female,1985-12-17,Type 2 diabetes mellitus,nurse,3
PAT-002850,Sabina Bhuiyan,female,1979-07-15,none,garment merchandiser,5
PAT-002851,Sanjay Sen,male,1945-04-26,none,homemaker,4
PAT-002852,Harun Dewan,male,2002-10-22,Bronchial asthma,cricket coach,3
PAT-002853,Tania Rahman,female,2001-01-03,Type 2 diabetes mellitus,security guard,4
PAT-002854,Rahima Miah,female,1961-06-07,Type 2 diabetes mellitus,farmer,3
PAT-002855,Nabila Dewan,female,1959-10-15,Essential hypertension,retired civil servant,3
PAT-002856,Anwar Gazi,male,1945-11-25,Hypothyroidism,shopkeeper,5
PAT-002857,Ayesha Khan,female,1958-10-27,none,homemaker,4
PAT-002858,Dilruba Khatun,female,1984-06-12,none,restaurant cook,4
PAT-002859,Jui Begum,female,1959-04-20,none,farmer,4
PAT-002860,Shathi Faruque,female,1968-07-19,Essential hypertension,fisherman,8
PAT-002861,Rehana Gazi,female,1982-01-14,Hypothyroidism,homemaker,3
PAT-002862,Sadia Sikder,female,1981-12-24,none,ride-share driver,3
PAT-002863,Bilkis Khan,female,1952-07-16,Essential hypertension,homemaker,5
PAT-002864,Kulsum Haque,female,1981-04-01,none,architect,4
PAT-002865,Rezaul Mollah,male,1952-12-22,none,homemaker,3
PAT-002866,Shafiq Gazi,male,1971-06-27,none,mobile phone repair technician,4
PAT-002867,Shikha Saha,female,1950-01-21,none,homemaker,4
PAT-002868,Imtiaz Gazi,male,1997-01-03,none,construction worker,6
PAT-002869,Jewel Islam,male,1952-07-01,none,tailor,3
PAT-002870,Anwar Dewan,male,1951-08-11,Essential hypertension,homemaker,6
PAT-002871,Parvin Molla,female,1970-11-18,none,beautician,6
PAT-002872,Hossain Haque,male,1964-08-22,none,fisherman,3
PAT-002873,Rashid Matubbar,male,1991-11-09,Bronchial asthma,tailor,3
PAT-002874,Karim Karim,male,1951-04-07,none,madrasa teacher,4
PAT-002875,Mitu Hasan,female,1959-11-06,Bronchial asthma,retired civil servant,3
PAT-002876,Faruk Howlader,male,1989-09-28,Bronchial asthma,graphic designer,3
PAT-002877,Hafsa Islam,female,1946-09-04,Essential hypertension,retired civil servant,3
PAT-002878,Kawsar Kabir,male,1992-05-24,Bronchial asthma,hotel receptionist,3
PAT-002879,Kanai Bhattacharya,male,1952-04-30,Type 2 diabetes mellitus,homemaker,3
PAT-002880,Sabbir Siddique,male,1952-01-16,none,retired civil servant,4
PAT-002881,Sharmin Pramanik,female,1985-04-30,none,fisherman,3
PAT-002882,Mahbub Patwary,male,1970-05-17,none,cricket coach,6
PAT-002883,Kanai Saha,male,1972-04-13,none,hotel receptionist,3
PAT-002884,Monir Munshi,male,1997-01-03,Essential hypertension,software developer,4
PAT-002885,Jannatul Talukder,female,1982-09-09,Bronchial asthma,security guard,6
PAT-002886,Chandana Datta,female,1977-02-09,none,farmer,4
PAT-002887,Rehana Hasan,female,1988-04-10,none,construction worker,3
PAT-002888,Sukumar Ghosh,male,1996-05-02,Type 2 diabetes mellitus,software developer,4
PAT-002889,Nazmul Shikder,male,1964-02-07,Bronchial asthma,call centre agent,3
PAT-002890,Salma Dewan,female,1970-05-20,none,security guard,4
PAT-002891,Tamanna Alam,female,1989-05-02,none,bank officer,4
PAT-002892,Tamim Chowdhury,male,1986-01-03,none,rickshaw puller,4
PAT-002893,Karim Chowdhury,male,1977-10-16,none,CNG auto-rickshaw driver,3
PAT-002894,Iffat Mondal,female,1965-06-07,none,schoolteacher,3
PAT-002895,Imtiaz Sikder,male,1988-05-19,Essential hypertension,electrician,4
PAT-002896,Sultana Mollah,female,1989-09-29,Essential hypertension,construction worker,3
PAT-002897,Tuhin Alam,male,1975-02-03,Essential hypertension,security guard,5
PAT-002898,Biplob Das,male,2000-05-07,none,bus driver,7
PAT-002899,Tamanna Awal,female,1984-02-16,none,madrasa teacher,5
PAT-002900,Mostafa Talukder,male,2005-04-08,Hypothyroidism,schoolteacher,4
